sample_id,original_text,processed_text,label,predicted_label,confidence,error_category
16,Walton din din khub valo korteche. Ar xiaomi din din biluptir poth ee. Phone er moto hal hobe mone hocche,walton din din khub valo korteche ar xiaomi din din biluptir poth ee phone er moto hal hobe mone hocche,Mixed,Positive,0.5404590354937422,Mixed or contrastive sentiment
35,Video ta gorom er shurute deya uchit cilo apner ! ekhon diye r ki fayda bolun ! dhonnobad!,video ta gorom er shurute deya uchit cilo apner ekhon diye r ki fayda bolun dhonnobad,Mixed,Neutral,0.3822637750979939,Mixed or contrastive sentiment
37,"Video guli kharaf na. Tobe kotha bolar dhoron mone hoi baba kheye kotha bolse, guti bazder kothao onek sabolil and srutimodhur",video guli kharaf na tobe kotha bolar dhoron mone hoi baba kheye kotha bolse guti bazder kothao onek sabolil and srutimodhur,Mixed,Negative,0.3727522928208639,Negation
53,Valo....khub valo na....cole,valo khub valo na cole,Mixed,Positive,0.5791329191843001,Negation
119,Vaiya hsc chemistry math physics er playlists gula upgrade korle vlo hoy na karon onk topic miss pachi. Kothata bibechona korar jonno onurodh roilo,vaiya hsc chemistry math physics er playlists gula upgrade korle vlo hoy na karon onk topic miss pachi kothata bibechona korar jonno onurodh roilo,Mixed,Positive,0.35887117690607584,Negation
130,Vai phone kinar pore egula vdo dhekle kmn lage,vai phone kinar pore egula vdo dhekle kmn lage,Mixed,Negative,0.34148711017763134,Mixed or contrastive sentiment
143,"Vai apnar review valo lage tai dekhtam ,but majh khane enader interview hudai video nasto korche",vai apnar review valo lage tai dekhtam but majh khane enader interview hudai video nasto korche,Mixed,Positive,0.5419254605570626,Mixed or contrastive sentiment
146,Vai apar sound ar vitor noise ase onk asa kori next kheyal rakhben bisoy ta,vai apar sound ar vitor noise ase onk asa kori next kheyal rakhben bisoy ta,Mixed,Positive,0.3484271780958757,Mixed or contrastive sentiment
152,Vai aj gorib bole ios calai borolok hoile xiaomi calaitam,vai aj gorib bole ios calai borolok hoile xiaomi calaitam,Mixed,Negative,0.4288695417841264,Mixed or contrastive sentiment
154,"Vai , apnader content onk valo hoileo sound quality borabor e kharap , egula diye nijeder nam kharap na kore abar record kora o better !",vai apnader content onk valo hoileo sound quality borabor e kharap egula diye nijeder nam kharap na kore abar record kora o better,Mixed,Negative,0.48125485550603414,Negation
160,"Update korar por Faaalto hoyce . Balance,minute, data akhon r sora sori dekha jay na. agertai vlo cilo.",update korar por faaalto hoyce balance minute data akhon r sora sori dekha jay na agertai vlo cilo,Mixed,Negative,0.5549363258706146,Negation
186,The reason a750 90 degrees jai coz intel ekono arc control panel e fan rpm curve add koreni. Yt the guide follow kore custom fan curve add kore dilei 70 degress er modde hold kore rakte pare easily. Halka undervolt korle arro lower. A750 is unbeatable if you know how to tweak things,the reason a750 90 degrees jai coz intel ekono arc control panel e fan rpm curve add koreni yt the guide follow kore custom fan curve add kore dilei 70 degress er modde hold kore rakte pare easily halka undervolt korle arro lower a750 is unbeatable if you know how to tweak things,Mixed,Neutral,0.3297086681663357,Mixed or contrastive sentiment
187,Thank you vai giveway er jonno. Amare diyen ekhono o ektao jiti nai atc o ditese apnio o no ektay jitlei ami boroloks hehe,thank you vai giveway er jonno amare diyen ekhono o ektao jiti nai atc o ditese apnio o no ektay jitlei ami boroloks hehe,Mixed,Positive,0.44859808592027367,Negation
197,System ta valo na. Robi Airtel ar system valoo,system ta valo na robi airtel ar system valoo,Mixed,Negative,0.5847563412348642,Negation
206,Sobsomoy dui jon kei action a dekhi but aj k dui jon k aksathe bose golpo korte dekhe khub vhallaglo,sobsomoy dui jon kei action a dekhi but aj k dui jon k aksathe bose golpo korte dekhe khub vhallaglo,Mixed,Positive,0.43835448848617414,Mixed or contrastive sentiment
207,Sobe kisu valo lagsca photo upload hoy na kano..,sobe kisu valo lagsca photo upload hoy na kano,Mixed,Negative,0.4678332371536274,Negation
241,Shariatpur er launch jemon choto temon pocha service jak ekhon ektu shanti te jawa jabe dadu bari nanu bari,shariatpur er launch jemon choto temon pocha service jak ekhon ektu shanti te jawa jabe dadu bari nanu bari,Mixed,Neutral,0.6431784975843238,Mixed or contrastive sentiment
253,Sam vai sob somoy apner video dekhhi sob somoy giveaway te participate kori kintu ekhono kisui pelam na. Tar poreo valobasi sam vi apnake lv u sam vai,sam vai sob somoy apner video dekhhi sob somoy giveaway te participate kori kintu ekhono kisui pelam na tar poreo valobasi sam vi apnake lv u sam vai,Mixed,Positive,0.44066903490261966,Negation
304,Plzzzz kom damer besi mb besi meyader offer den robi theke. Gp ar banglalink valo onek valo offer dey,plzzzz kom damer besi mb besi meyader offer den robi theke gp ar banglalink valo onek valo offer dey,Mixed,Negative,0.3753751735887104,Mixed or contrastive sentiment
335,Onnolevel er bujhanor style kisu kisu overrated teacher achen easy jinis bujhay ber ber but ei channel er prottek teacher underrated asole eapnar a million viewers deserve koren honestly bolte gele,onnolevel er bujhanor style kisu kisu overrated teacher achen easy jinis bujhay ber ber but ei channel er prottek teacher underrated asole eapnar a million viewers deserve koren honestly bolte gele,Mixed,Negative,0.3236195625045913,Mixed or contrastive sentiment
337,Only processor bade sob kisui normal,only processor bade sob kisui normal,Mixed,Negative,0.4851530515371165,Mixed or contrastive sentiment
397,"Mymensingh tehke dehktsi bhai, first peper e etto kotin mcq asche common porenai ekhn 2nd pepeer e asei nki",mymensingh tehke dehktsi bhai first peper e etto kotin mcq asche common porenai ekhn 2nd pepeer e asei nki,Mixed,Negative,0.3728922135984697,Mixed or contrastive sentiment
441,Main prblm ta hocce . Amr ammur sim e ammu mb tolena othoco sei sim e always valo valo offer ase ar ami jei sim a Always mb tuli sei sim e kono valo offer ase nah . Ar MB er price eto basi rakhcen kn apnara ?? Bangla link tarpor Robi ara koto Kom dam e valo valo offer dei tader moto offer dite paren nah?? (Net connection is Always 4G full pai . Net connection er dik diye kono prblm nai),main prblm ta hocce amr ammur sim e ammu mb tolena othoco sei sim e always valo valo offer ase ar ami jei sim a always mb tuli sei sim e kono valo offer ase nah ar mb er price eto basi rakhcen kn apnara bangla link tarpor robi ara koto kom dam e valo valo offer dei tader moto offer dite paren nah net connection is always 4g full pai net connection er dik diye kono prblm nai,Mixed,Negative,0.7732160095625709,Negation
463,Last time tiktoker na nilei best video hoito,last time tiktoker na nilei best video hoito,Mixed,Positive,0.39131848850526535,Negation
472,Labib rahat a anen vaiya,labib rahat a anen vaiya,Mixed,Neutral,0.7362392064016862,Mixed or contrastive sentiment
473,"kyc submit kora aktu jhemela..tachara,khub valo",kyc submit kora aktu jhemela tachara khub valo,Mixed,Positive,0.6477944310339473,Mixed or contrastive sentiment
502,Ki r bolbo dekhei jai,ki r bolbo dekhei jai,Mixed,Negative,0.4020857165533784,Mixed or contrastive sentiment
510,Khulna te akta branch dorkar apnader,khulna te akta branch dorkar apnader,Mixed,Neutral,0.5248035697504047,Mixed or contrastive sentiment
515,"Khuboi valo akti sim.... Offer diye mon vore jay.... Jodi network aro aktu fast hoto , tahole sob sim k periye number 1 hoto",khuboi valo akti sim offer diye mon vore jay jodi network aro aktu fast hoto tahole sob sim k periye number 1 hoto,Mixed,Negative,0.33717366170816787,Mixed or contrastive sentiment
524,"Khub valo lage dada apnar blog. Parle siliguri north bengal eo ese cover korun, nirash hoben na",khub valo lage dada apnar blog parle siliguri north bengal eo ese cover korun nirash hoben na,Mixed,Positive,0.6897646665922892,Negation
559,"Jr. Tamim, liton, shanto, afif sobai open korte pare. Tai naim k bad die riyad bai k nile best hoyto. Backup middle order lower middle order batter hisabe",jr tamim liton shanto afif sobai open korte pare tai naim k bad die riyad bai k nile best hoyto backup middle order lower middle order batter hisabe,Mixed,Neutral,0.3521797973834205,Mixed or contrastive sentiment
569,Jodi current shockd system thkto taile r jibone kono chor churi krtona,jodi current shockd system thkto taile r jibone kono chor churi krtona,Mixed,Negative,0.4961862366941959,Mixed or contrastive sentiment
580,Jane giveaway ta pabo na tao comment korlam. Love sam zone army,jane giveaway ta pabo na tao comment korlam love sam zone army,Mixed,Neutral,0.4632929345766455,Negation
592,It isnt fair intel er processor 13th gen er shathe amd 5000 series er compare kora hoise 13th gen er shathe 7000 series er compare korle jinis ta fair hoto,it isnt fair intel er processor 13th gen er shathe amd 5000 series er compare kora hoise 13th gen er shathe 7000 series er compare korle jinis ta fair hoto,Mixed,Neutral,0.5914083593072953,Negation
608,Important bojhare cbm use kora holo. Nt cbm maneta ki?,important bojhare cbm use kora holo nt cbm maneta ki,Mixed,Neutral,0.8256812042521435,Mixed or contrastive sentiment
623,Httpsyoutu. Berlkdrmk_zme bangla sad love story,httpsyoutu berlkdrmk zme bangla sad love story,Mixed,Positive,0.6038777738153338,Mixed or contrastive sentiment
627,Hridoy er jonno like hobe,hridoy er jonno like hobe,Mixed,Neutral,0.5470960451402174,Mixed or contrastive sentiment
632,Hmmm balo.....kinto majy majy somossa thyi,hmmm balo kinto majy majy somossa thyi,Mixed,Positive,0.4854529611832457,Mixed or contrastive sentiment
633,"Hmm. Vai ai 2mp macro ,depth 8mp ultra wide camera gula jate na dey ta niye aro besi kotha bola dorkar youtuber der",hmm vai ai 2mp macro depth 8mp ultra wide camera gula jate na dey ta niye aro besi kotha bola dorkar youtuber der,Mixed,Negative,0.7203608441417817,Negation
635,Hi vai ami akta video chicelam. Kinto paini vai thenbest blogging camera in 2k5k ok,hi vai ami akta video chicelam kinto paini vai thenbest blogging camera in 2k5k ok,Mixed,Positive,0.46778786028429,Mixed or contrastive sentiment
640,Headset use korle ki head dent hoar possibility asche ki?,headset use korle ki head dent hoar possibility asche ki,Mixed,Neutral,0.7066245584286965,Mixed or contrastive sentiment
646,Hallo assala mualikum kamon asan apunia first comment piz piz reply dio,hallo assala mualikum kamon asan apunia first comment piz piz reply dio,Mixed,Positive,0.432194377019744,Mixed or contrastive sentiment
648,Gyroscope ar bapar a bolar jonoo viiiii thanks. Onno youtuber a taka khaa hy to gyroscope na thakla gaming bola calea jai,gyroscope ar bapar a bolar jonoo viiiii thanks onno youtuber a taka khaa hy to gyroscope na thakla gaming bola calea jai,Mixed,Negative,0.4160070500435581,Negation
684,Gcam diye camera ta test korle valo hoto accha gcam diye test kore ekta shorts video dewa jabeto,gcam diye camera ta test korle valo hoto accha gcam diye test kore ekta shorts video dewa jabeto,Mixed,Neutral,0.7479263698177513,Mixed or contrastive sentiment
686,Gasilam ono monitor kinte pai nai pore msi ai monitor ta nai joss ata,gasilam ono monitor kinte pai nai pore msi ai monitor ta nai joss ata,Mixed,Negative,0.5888293319901448,Negation
687,"Garima viga gesen! looking bad, you need fan",garima viga gesen looking bad you need fan,Mixed,Positive,0.4967218563830984,Mixed or contrastive sentiment
726,Fazlamir akta shima thaka uchit. 2 ran dorkar akhane 6 marar ki dhorkar. Miraz ata ki korlo?,fazlamir akta shima thaka uchit 2 ran dorkar akhane 6 marar ki dhorkar miraz ata ki korlo,Mixed,Neutral,0.5098765726484114,Mixed or contrastive sentiment
729,Fast like ami korlam vai,fast like ami korlam vai,Mixed,Positive,0.5531656800422315,Mixed or contrastive sentiment
751,Faiza ami tomer big fan ar tomer button wala i phone er model koto,faiza ami tomer big fan ar tomer button wala i phone er model koto,Mixed,Neutral,0.46588785375401,Mixed or contrastive sentiment
768,Eto kicho buji na mobail gift chai eta holei hobe,eto kicho buji na mobail gift chai eta holei hobe,Mixed,Neutral,0.42145668447156576,Negation
775,Etate naki dido os ache. Seita kemon ?,etate naki dido os ache seita kemon,Mixed,Neutral,0.6898431698003101,Mixed or contrastive sentiment
776,Etar chaite toh amr 10c aro better mone hocche review dekhe,etar chaite toh amr 10c aro better mone hocche review dekhe,Mixed,Negative,0.426902446677732,Mixed or contrastive sentiment
822,"Ei video r madhyome oneker upokar hobe. Akta sudhu janar, onara ki howrah region a delivery den ?",ei video r madhyome oneker upokar hobe akta sudhu janar onara ki howrah region a delivery den,Mixed,Neutral,0.7444195100334554,Mixed or contrastive sentiment
833,Egulor cheye oraimo brand far better,egulor cheye oraimo brand far better,Mixed,Negative,0.4193038116631117,Mixed or contrastive sentiment
856,"Dinajpure board a common pai ni sir,tbuo dichi sob, doya korben amader jonno",dinajpure board a common pai ni sir tbuo dichi sob doya korben amader jonno,Mixed,Positive,0.43185727131014356,Mixed or contrastive sentiment
860,Dhoren apni basay eka asen hotat koira light ta jolte laglo,dhoren apni basay eka asen hotat koira light ta jolte laglo,Mixed,Positive,0.33525823892561823,Mixed or contrastive sentiment
866,Dhaka board jonno suggestions gula bade na please dhaka board kotha veve suggestions dian,dhaka board jonno suggestions gula bade na please dhaka board kotha veve suggestions dian,Mixed,Negative,0.5379358506388436,Negation
870,"Dew drop notch dekhle 201718 mone hoy, ar headphone jack dekhle koto shal mone hoy?",dew drop notch dekhle 201718 mone hoy ar headphone jack dekhle koto shal mone hoy,Mixed,Negative,0.6624887298054853,Mixed or contrastive sentiment
876,Dekhe vlo laglo r dekha zak ki hoy,dekhe vlo laglo r dekha zak ki hoy,Mixed,Positive,0.5054535224497568,Mixed or contrastive sentiment
877,"Deepcool ice edge mini fs v2. 0 ei cooler ta use korle aro onek valo hoto, oi kukkhato cooler ta kan use korlo bujina!",deepcool ice edge mini fs v2 0 ei cooler ta use korle aro onek valo hoto oi kukkhato cooler ta kan use korlo bujina,Mixed,Neutral,0.441675834365034,Mixed or contrastive sentiment
878,Dear techland arc a380 er price ta etto high keno. Oita ki ektu discount dewa jay?,dear techland arc a380 er price ta etto high keno oita ki ektu discount dewa jay,Mixed,Neutral,0.4315820868037523,Mixed or contrastive sentiment
883,"Dam ta besi mane. Baddo besi mone holo, 2 psc chicken 120 taka ki vabe hoi, ? kono baro restaurant e o ato dam mone hoi noi, mutton 2 psc 210 taka?",dam ta besi mane baddo besi mone holo 2 psc chicken 120 taka ki vabe hoi kono baro restaurant e o ato dam mone hoi noi mutton 2 psc 210 taka,Mixed,Negative,0.5378132277005887,Mixed or contrastive sentiment
902,Cougar diya build korly jinish ta aro sai lagto,cougar diya build korly jinish ta aro sai lagto,Mixed,Neutral,0.5284706939181981,Mixed or contrastive sentiment
911,Community korta korta hat bata hoa gaca dela deba na dela lagba n,community korta korta hat bata hoa gaca dela deba na dela lagba n,Mixed,Negative,0.6615016516951083,Negation
920,Cole motamuti beshi akta vlo na,cole motamuti beshi akta vlo na,Mixed,Negative,0.515865924161351,Negation
954,Channel er name deikha iam to obak,channel er name deikha iam to obak,Mixed,Neutral,0.3107604532353395,Mixed or contrastive sentiment
956,Cash on delivery hole ki kore order korbo? sei bepare ki amake advance payment korte hobe?,cash on delivery hole ki kore order korbo sei bepare ki amake advance payment korte hobe,Mixed,Neutral,0.7866833363004497,Mixed or contrastive sentiment
996,Boat ami onek age theke chini ami india thke headphones anaichilam ototao valo na,boat ami onek age theke chini ami india thke headphones anaichilam ototao valo na,Mixed,Positive,0.3383070766529602,Negation
1011,Bill naki nafish dichea,bill naki nafish dichea,Mixed,Neutral,0.5089534489523845,Mixed or contrastive sentiment
1014,Bikel e group e post dekhar por theke opekkhay chilam video ta 30 minit por dekhbo deal done type hoiya thakle kalkai jacchi kinte,bikel e group e post dekhar por theke opekkhay chilam video ta 30 minit por dekhbo deal done type hoiya thakle kalkai jacchi kinte,Mixed,Neutral,0.3521899454405019,Mixed or contrastive sentiment
1056,Bhai aponi ato kisu bojen ata bojenna kno twenty te jokon sobai kharab khele doler run hai 120 run sekhane doler sorbocch9 run nan riyad ata ki ter dos onnora t o korte parena,bhai aponi ato kisu bojen ata bojenna kno twenty te jokon sobai kharab khele doler run hai 120 run sekhane doler sorbocch9 run nan riyad ata ki ter dos onnora t o korte parena,Mixed,Negative,0.5298597568536464,Mixed or contrastive sentiment
1069,Beginning music ta diye pc ta re ekta villain er moto intro deoyar idea ta always e bhalo lage,beginning music ta diye pc ta re ekta villain er moto intro deoyar idea ta always e bhalo lage,Mixed,Positive,0.48469913003377474,Mixed or contrastive sentiment
1104,"Bahai, etotao bali noi jebhabe apni bolchen, over priced restaurant!",bahai etotao bali noi jebhabe apni bolchen over priced restaurant,Mixed,Neutral,0.36433613526871345,Mixed or contrastive sentiment
1123,Atc dekhi daily video deya shuru korese soptahe ekbar tech news dileo mondo hoyna,atc dekhi daily video deya shuru korese soptahe ekbar tech news dileo mondo hoyna,Mixed,Negative,0.38673917567818983,Mixed or contrastive sentiment
1126,Atar jonnoi opekkhay silam akhon dam na barlei hoy,atar jonnoi opekkhay silam akhon dam na barlei hoy,Mixed,Negative,0.578685383320444,Negation
1127,Ataar 24 thakle valoo hoto,ataar 24 thakle valoo hoto,Mixed,Neutral,0.7055167567323984,Mixed or contrastive sentiment
1129,Ata gaye lagabar agei dakat 2 3 ta kob doya coila zabe,ata gaye lagabar agei dakat 2 3 ta kob doya coila zabe,Mixed,Neutral,0.3302022207943975,Mixed or contrastive sentiment
1148,Asholei huaweihonor onek tekshoi nosto hotei chay na vai. Amar huawei gr7 2017 honor 6x nostoi hote chacchilona. Baddo hoye rough use kore pore new phone kinci,asholei huaweihonor onek tekshoi nosto hotei chay na vai amar huawei gr7 2017 honor 6x nostoi hote chacchilona baddo hoye rough use kore pore new phone kinci,Mixed,Negative,0.2937137140813112,Negation
1150,Arre dhur moshai youtube e kota shot food reviewer ache bolun to apnar moto,arre dhur moshai youtube e kota shot food reviewer ache bolun to apnar moto,Mixed,Negative,0.3977972213480509,Mixed or contrastive sentiment
1153,Arekta kotha mention kori aikhane pls dont term me as an intel fanboy different international youtubers r website e bola hoyeche and amr real life dekha theke bolchi multicoreproductivity teo intel i5 13600k even r7 7700x keo beat kore with a margin of 1015. Apni jodi gamer o hon taile 7700x will not be a good choice for you giving only710 advantage,arekta kotha mention kori aikhane pls dont term me as an intel fanboy different international youtubers r website e bola hoyeche and amr real life dekha theke bolchi multicoreproductivity teo intel i5 13600k even r7 7700x keo beat kore with a margin of 1015 apni jodi gamer o hon taile 7700x will not be a good choice for you giving only710 advantage,Mixed,Neutral,0.37171113719860077,Negation
1158,Apu video modde ai bangla lekha ta video proti kheyal nosto kore valo lage na ai lekhar jonno osusti feel hoy aita na takle ee valo lagto apnar video ami sei protom teke deke asci ekhon ai lekhar jonno kmn lage,apu video modde ai bangla lekha ta video proti kheyal nosto kore valo lage na ai lekhar jonno osusti feel hoy aita na takle ee valo lagto apnar video ami sei protom teke deke asci ekhon ai lekhar jonno kmn lage,Mixed,Negative,0.3781445418115914,Negation
1162,Apu tumi asla ami dhekakorte parlam na khub mon kharap hosse tomar ai video ta dhekar pore,apu tumi asla ami dhekakorte parlam na khub mon kharap hosse tomar ai video ta dhekar pore,Mixed,Negative,0.4023382173379776,Negation
1166,Apu parle mymensingh sarinday asben,apu parle mymensingh sarinday asben,Mixed,Neutral,0.4409807698198085,Mixed or contrastive sentiment
1180,Apu ai vorta amio khaci ata fam much,apu ai vorta amio khaci ata fam much,Mixed,Neutral,0.5207798830846163,Mixed or contrastive sentiment
1219,Apnr taste buds er sathe amr taste buds match kore shob item ei so ami kalkei start korbo ei 5 item try kora,apnr taste buds er sathe amr taste buds match kore shob item ei so ami kalkei start korbo ei 5 item try kora,Mixed,Neutral,0.41768971960095314,Mixed or contrastive sentiment
1224,Apni ekbaar kalika biriyanir just opposite a rasta cross kore deal dokan ache nana dhoroner fried items. Jatin das park metro station a neme towards kalighat fire brigade jaben. Parle cover korun apanjan bhuliye debe. Apanjan eykhon degrade hoye geche. Naam a kate apnar presentation just,apni ekbaar kalika biriyanir just opposite a rasta cross kore deal dokan ache nana dhoroner fried items jatin das park metro station a neme towards kalighat fire brigade jaben parle cover korun apanjan bhuliye debe apanjan eykhon degrade hoye geche naam a kate apnar presentation just,Mixed,Negative,0.3832369085313893,Mixed or contrastive sentiment
1238,Apnar kace 12k budget a ar chea ar kono valo phone ace? apnara j ki review den. Agey mobile device sompor k valo kore janen tarpor review den. Nijer mon gora ja icca bole gelen. Market ai budget ar chea valo phone akn ki ace vai amk aktu janan? ai budget a ja dice enough bolen vai. Deser official mobile market ar phone gulo ki dicce ai budget a?,apnar kace 12k budget a ar chea ar kono valo phone ace apnara j ki review den agey mobile device sompor k valo kore janen tarpor review den nijer mon gora ja icca bole gelen market ai budget ar chea valo phone akn ki ace vai amk aktu janan ai budget a ja dice enough bolen vai deser official mobile market ar phone gulo ki dicce ai budget a,Mixed,Neutral,0.5854601742341241,Mixed or contrastive sentiment
1241,Apnake dekhe boro ta dise amake to shob shomoye soto tai dei _,apnake dekhe boro ta dise amake to shob shomoye soto tai dei,Mixed,Negative,0.4550619746545099,Mixed or contrastive sentiment
1243,Apnader website e dhukte gelam r virus warning dilo tarporo dhuklam akhon ki amr fon e kono virus dhukte pare ata ki hoilo kisui bujlam na,apnader website e dhukte gelam r virus warning dilo tarporo dhuklam akhon ki amr fon e kono virus dhukte pare ata ki hoilo kisui bujlam na,Mixed,Negative,0.6552519899009256,Negation
1267,Amr redmi note 10 pro te network problem vai. Keu call dile off dekhay,amr redmi note 10 pro te network problem vai keu call dile off dekhay,Mixed,Neutral,0.6099463702446974,Mixed or contrastive sentiment
1282,Ami to result ar opekkay asi,ami to result ar opekkay asi,Mixed,Neutral,0.44273713780532953,Mixed or contrastive sentiment
1291,Ami ki pabo na vai ami paile khub khusi hobo jodi vagge thake,ami ki pabo na vai ami paile khub khusi hobo jodi vagge thake,Mixed,Neutral,0.6195681851856758,Negation
1306,Ami apnader regular viewer vaiya apander every videote sound onk kom thake. We hope that you will increase the sound of the following videos,ami apnader regular viewer vaiya apander every videote sound onk kom thake we hope that you will increase the sound of the following videos,Mixed,Positive,0.5595507413586576,Mixed or contrastive sentiment
1371,Ajairra news niye chole ashen. Kam ni r. Riyad k ekhn na khelano thik ache. Sob pandit bangladesh a,ajairra news niye chole ashen kam ni r riyad k ekhn na khelano thik ache sob pandit bangladesh a,Mixed,Negative,0.7146795694631427,Negation
1435,Achha bhai apanara ki ursa mini pro 12k camera ta ki use koren naki ekhono panasonic e poira asen video to cinematic lage na sharpness khali beshi hoise video quality ta mkbhd type er kora jay na cinema camera to ache chailei to parben,achha bhai apanara ki ursa mini pro 12k camera ta ki use koren naki ekhono panasonic e poira asen video to cinematic lage na sharpness khali beshi hoise video quality ta mkbhd type er kora jay na cinema camera to ache chailei to parben,Mixed,Negative,0.35348377089682487,Negation
1446,Aaaata duplicate original taaa onek valo,aaaata duplicate original taaa onek valo,Mixed,Positive,0.7768626686054112,Mixed or contrastive sentiment
1463,3milion hote basi dari hoynai aro ageye jan vai prise ta ami paye gale valo hoto amer phone valo na to,3milion hote basi dari hoynai aro ageye jan vai prise ta ami paye gale valo hoto amer phone valo na to,Mixed,Neutral,0.3993742795405457,Negation
1468,30k40k modda mobile review dan bhai. Apnnar review jonno aska 1 mas bosi aci,30k40k modda mobile review dan bhai apnnar review jonno aska 1 mas bosi aci,Mixed,Neutral,0.7936281679512611,Mixed or contrastive sentiment
1469,30k te keo phone kine ? at least 45 k te motamuti valo phone pawa jaay,30k te keo phone kine at least 45 k te motamuti valo phone pawa jaay,Mixed,Neutral,0.30019998429176714,Mixed or contrastive sentiment
1479,225 i think ekhane pci gen 4 hobe. I mean eta by default e toh gen 4 support korar kotha,225 i think ekhane pci gen 4 hobe i mean eta by default e toh gen 4 support korar kotha,Mixed,Negative,0.34496921685790943,Mixed or contrastive sentiment
1482,"20k taka te ja diteche ta dekhe nahoy bollam bah vai bah, butkintu taka nai kache. Taka thakle aita kine bari ditam. Jai hok jehetu giveway diteche try kore dekhi pai naki",20k taka te ja diteche ta dekhe nahoy bollam bah vai bah butkintu taka nai kache taka thakle aita kine bari ditam jai hok jehetu giveway diteche try kore dekhi pai naki,Mixed,Negative,0.3804619469872802,Negation
1484,"2021 e ssc disilam , tokhonkar build guide deksilam. Tokhon o kinte parlam na akhn o na",2021 e ssc disilam tokhonkar build guide deksilam tokhon o kinte parlam na akhn o na,Mixed,Negative,0.5393164417581022,Negation
1485,2019 sall e hariye giyechilam onnorokom pathsala ekta abeg,2019 sall e hariye giyechilam onnorokom pathsala ekta abeg,Mixed,Negative,0.3948978946110581,Mixed or contrastive sentiment
1495,16k taka diya. Je gula khaysen. Oi gula jinis potro kinle 30days khayte parten,16k taka diya je gula khaysen oi gula jinis potro kinle 30days khayte parten,Mixed,Negative,0.6194559448408007,Mixed or contrastive sentiment
1498,16 e position ekdm fixed r riyad onk din bowling kore na so apni j ktha bllen e ktha bibrchona koreo kintu riyad k bad deya jay or bowling vlo na so shakikh mehedi is better,16 e position ekdm fixed r riyad onk din bowling kore na so apni j ktha bllen e ktha bibrchona koreo kintu riyad k bad deya jay or bowling vlo na so shakikh mehedi is better,Mixed,Negative,0.6051645976956772,Negation
1500,12k subscribe theke pashe apnar dekhte dekhte amader golden play button eshe porlo congratulations bhaiya,12k subscribe theke pashe apnar dekhte dekhte amader golden play button eshe porlo congratulations bhaiya,Mixed,Positive,0.6814286250896254,Mixed or contrastive sentiment
1508,10 ms e just unakei valo lage,10 ms e just unakei valo lage,Mixed,Positive,0.7122978717037349,Mixed or contrastive sentiment
1509,"1. 8year age walton rx8 mini kincilam. Phone kinar por akhon porjonto new android version to durei thak, akta security update o pai nai. Mal mosola joto jai dek. Software update walton dibo na",1 8year age walton rx8 mini kincilam phone kinar por akhon porjonto new android version to durei thak akta security update o pai nai mal mosola joto jai dek software update walton dibo na,Mixed,Negative,0.588363248264601,Negation
1510,1. 5 month age r5 5600x nisi 18k diye ektu wait korle hoyto 7 5700x nite partam tho im happy with my 5600x,1 5 month age r5 5600x nisi 18k diye ektu wait korle hoyto 7 5700x nite partam tho im happy with my 5600x,Mixed,Neutral,0.4478087072984255,Mixed or contrastive sentiment
1776,Paileu lav nai ami soudi,paileu lav nai ami soudi,Neutral,Negative,0.7228518666260519,Negation
1786,Onek din pora apu,onek din pora apu,Neutral,Positive,0.6432634989859363,Other / manual review needed
1792,Oi mia dam bolli na kn. Varsity r soto vai tai kisu koilam na,oi mia dam bolli na kn varsity r soto vai tai kisu koilam na,Neutral,Negative,0.8958854557353733,Negation
1793,Oh ami khulna thaki are abbash hotel. Thake amar basa khub kase bt tomar satha meet korte parlam na,oh ami khulna thaki are abbash hotel thake amar basa khub kase bt tomar satha meet korte parlam na,Neutral,Mixed,0.42577120254615414,Negation
1798,Mukhe khabar niye so good boilen na oita so gu shuna jay,mukhe khabar niye so good boilen na oita so gu shuna jay,Neutral,Negative,0.5847924688806102,Negation
1822,Vaya ami emglish 1st paper r rearrange box diya lakhci paragraph akare likhta pre nai. Ai jonno ki number kata jabe?,vaya ami emglish 1st paper r rearrange box diya lakhci paragraph akare likhta pre nai ai jonno ki number kata jabe,Neutral,Negative,0.4544991610100375,Negation
1828,Vaiya pdf pai na kn? form fill up korechi,vaiya pdf pai na kn form fill up korechi,Neutral,Negative,0.5860494416742353,Negation
1839,"Vaii, last review kora nzxt er casing ta nen nai knoo? oita aro better chilo na?",vaii last review kora nzxt er casing ta nen nai knoo oita aro better chilo na,Neutral,Mixed,0.5132554511849375,Negation
1900,"Taskin stump soja ball korena jekarone onno peace ballar der tulonai run beshi dai,taskinke bounce ball batsmaner kon durbol jaigai dite hobe seta sikte hobe,ai bapare wasim akram bhalo poramorso dite parbe,taskin onek bosor cricket khale take cleaver hote hobe because samne wcp",taskin stump soja ball korena jekarone onno peace ballar der tulonai run beshi dai taskinke bounce ball batsmaner kon durbol jaigai dite hobe seta sikte hobe ai bapare wasim akram bhalo poramorso dite parbe taskin onek bosor cricket khale take cleaver hote hobe because samne wcp,Neutral,Negative,0.35443130218321245,Romanized spelling variation
1915,"Sobai je hare podcast suru korse,manusher eto somoe koi dekhar",sobai je hare podcast suru korse manusher eto somoe koi dekhar,Neutral,Negative,0.6953784264112055,Other / manual review needed
1939,"Review upload hoy nai 2min hoise, tatei chele pele nice review, joss review spam suru kore dise power of giveaway",review upload hoy nai 2min hoise tatei chele pele nice review joss review spam suru kore dise power of giveaway,Neutral,Positive,0.3288467125612003,Negation
1977,Yayy iam first apuu. Want a new content on your faiza channel!,yayy iam first apuu want a new content on your faiza channel,Neutral,Positive,0.3500238294541038,Other / manual review needed
2030,What the teach ashse na keno,what the teach ashse na keno,Neutral,Negative,0.5419816920631595,Negation
2033,Wh er daam ta screen chilo nah vai kindly aktu check diyen,wh er daam ta screen chilo nah vai kindly aktu check diyen,Neutral,Negative,0.42496685795826983,Other / manual review needed
2065,Walton ar theke symphony valo korcasamzone,walton ar theke symphony valo korcasamzone,Neutral,Positive,0.5561665452313151,Romanized spelling variation
2083,vlp hoyla vlo are na holay dilat,vlp hoyla vlo are na holay dilat,Neutral,Negative,0.519223859165612,Negation
2113,Viii vlo vlo offer da,viii vlo vlo offer da,Neutral,Positive,0.5837869509186095,Other / manual review needed
2125,Video valo lage tai dekhi 014,video valo lage tai dekhi 014,Neutral,Positive,0.7716529159053169,Romanized spelling variation
2273,Valoi lage but pakage er meyad abong internet er daam koamale onek valo hoto,valoi lage but pakage er meyad abong internet er daam koamale onek valo hoto,Neutral,Mixed,0.6825368049597589,Mixed or contrastive sentiment
2284,Valo neckband er video korun,valo neckband er video korun,Neutral,Positive,0.49423998277178105,Romanized spelling variation
2300,Valo app developer Niog koren. Sob doroner phone e jeno emon problem na hoi,valo app developer niog koren sob doroner phone e jeno emon problem na hoi,Neutral,Negative,0.41012868442080497,Negation
2423,Vaiya from submit krci but from pai nai,vaiya from submit krci but from pai nai,Neutral,Mixed,0.7746664489615434,Negation
2450,Vaiya comilla board e onek heard question kore emon hoile valo poient er jaigai faill kormo ja dekha jaitase vai?,vaiya comilla board e onek heard question kore emon hoile valo poient er jaigai faill kormo ja dekha jaitase vai,Neutral,Positive,0.38807684877746534,Romanized spelling variation
2634,Vai what the tech er h amon kn?,vai what the tech er h amon kn,Neutral,Negative,0.3428646709040525,Other / manual review needed
2653,Vai upore 2 fan extra kottheke ashlo,vai upore 2 fan extra kottheke ashlo,Neutral,Positive,0.3691327246730661,Other / manual review needed
2762,Vai overclock korle to lifetime kome jae na?,vai overclock korle to lifetime kome jae na,Neutral,Negative,0.6770728926535994,Negation
2973,Vai apni sure affiliate marketing korsen,vai apni sure affiliate marketing korsen,Neutral,Positive,0.3769993902257283,Other / manual review needed
2978,Vai apni bubt ta porten na?,vai apni bubt ta porten na,Neutral,Negative,0.47929441903876957,Negation
3156,Vah faiza valo hindi bole. Bangaly mone hocce na emon lagse,vah faiza valo hindi bole bangaly mone hocce na emon lagse,Neutral,Negative,0.5106875357903559,Negation
3181,Upside down e koto tk lage?,upside down e koto tk lage,Neutral,Negative,0.4648413117031063,Other / manual review needed
3189,Upcoming 3million samzone xanonx20 xtraordinarylnnovationwithin waltonmobile samzone,upcoming 3million samzone xanonx20 xtraordinarylnnovationwithin waltonmobile samzone,Neutral,Positive,0.6196548832328326,Other / manual review needed
3190,Upadate korla valo howw,upadate korla valo howw,Neutral,Positive,0.29202179681200774,Romanized spelling variation
3242,Tushaar bhaiii! emoon bhaii koii?,tushaar bhaiii emoon bhaii koii,Neutral,Negative,0.4223650087908618,Other / manual review needed
3291,Tobe dada ekta byapar kintu sob sese thekei jai. Paise hotel er j uddesso ba jara paise hotel er original target customer chilo ek kale tar ki akhon r paise hotel er dhar gheste pare?,tobe dada ekta byapar kintu sob sese thekei jai paise hotel er j uddesso ba jara paise hotel er original target customer chilo ek kale tar ki akhon r paise hotel er dhar gheste pare,Neutral,Mixed,0.4835878140463527,Mixed or contrastive sentiment
3295,Tmr acnepimple gula onk ta kome gase kivabe ?,tmr acnepimple gula onk ta kome gase kivabe,Neutral,Positive,0.419519948953559,Other / manual review needed
3296,Tmi tw shob bujo...masud vlo hoye jao...,tmi tw shob bujo masud vlo hoye jao,Neutral,Negative,0.5733986417502767,Other / manual review needed
3305,Tika newa matroi jeno shobai immune hoye gelo,tika newa matroi jeno shobai immune hoye gelo,Neutral,Negative,0.3801789041115619,Other / manual review needed
3307,Thumbnail e 12k daowa thik kore nyen thanks,thumbnail e 12k daowa thik kore nyen thanks,Neutral,Positive,0.4981667527854429,Other / manual review needed
3318,The prosesor name is medetak dimncity 1080,the prosesor name is medetak dimncity 1080,Neutral,Mixed,0.3199730656038055,Other / manual review needed
3319,Thanks to onnorokom pathshala. Please upload regular content as before. Were egarly waiting for next video,thanks to onnorokom pathshala please upload regular content as before were egarly waiting for next video,Neutral,Positive,0.8004396608760501,Other / manual review needed
3321,Thank you vhiya. Chapter 3 dile help hobe,thank you vhiya chapter 3 dile help hobe,Neutral,Positive,0.5653234858660725,Other / manual review needed
3322,Thank u for the review ebar try kore dekhbo,thank u for the review ebar try kore dekhbo,Neutral,Positive,0.6397950317105621,Other / manual review needed
3325,Thala ghurate bhalo lage,thala ghurate bhalo lage,Neutral,Positive,0.8305723085634298,Romanized spelling variation
3327,Tetul dekhe khub lov laglo,tetul dekhe khub lov laglo,Neutral,Positive,0.7575891629160679,Other / manual review needed
3379,Tahole mahmudullah ki prujon nai dese?,tahole mahmudullah ki prujon nai dese,Neutral,Negative,0.6948104113004997,Negation
3382,Tader product ami use kori,tader product ami use kori,Neutral,Positive,0.4961058651955963,Other / manual review needed
3389,System Valo. Charge baralen Kno?,system valo charge baralen kno,Neutral,Mixed,0.33516281516066376,Romanized spelling variation
3409,Susur abbbaaa er dowa sob,susur abbbaaa er dowa sob,Neutral,Positive,0.44235643408354913,Other / manual review needed
3413,Sundorom Mohanto  Nurnaby Hoque Nayon  Another Loki variant Lokivid-19,sundorom mohanto nurnaby hoque nayon another loki variant lokivid 19,Neutral,Negative,0.5756193438975463,Other / manual review needed
3459,Ssc nia kaj korchen na kno?,ssc nia kaj korchen na kno,Neutral,Negative,0.7302338378717926,Negation
3466,Sr ai class thake daka borde komon porbe,sr ai class thake daka borde komon porbe,Neutral,Negative,0.3073742379130785,Other / manual review needed
3475,Sovabazar e akrams biriyani er new outlet e elen na kno?,sovabazar e akrams biriyani er new outlet e elen na kno,Neutral,Negative,0.6097877700324308,Negation
3488,Somaje khub pocolito kotha taka thakle sukh hoy na jeta puropuri ekta santonamulok kotha takar binimoye sukh ase eta bastob ajke amr taka nei tai phonei sobdhoroner travelling video dekhe jai monta cay jete kintu takato nai,somaje khub pocolito kotha taka thakle sukh hoy na jeta puropuri ekta santonamulok kotha takar binimoye sukh ase eta bastob ajke amr taka nei tai phonei sobdhoroner travelling video dekhe jai monta cay jete kintu takato nai,Neutral,Mixed,0.4684885500502879,Negation
3502,Soboy duya koiran amadar jonno kal din por,soboy duya koiran amadar jonno kal din por,Neutral,Negative,0.3609960271581499,Other / manual review needed
3516,Sob theke besi proyon washroom,sob theke besi proyon washroom,Neutral,Negative,0.4967355205412249,Other / manual review needed
3519,Sob natok aggay thakay e sajano,sob natok aggay thakay e sajano,Neutral,Negative,0.4643184201848144,Other / manual review needed
3524,Sob dam kom apnr jonnoi just to vai apni ki kisu kinlen na apnr honda r15v3 er jonnno,sob dam kom apnr jonnoi just to vai apni ki kisu kinlen na apnr honda r15v3 er jonnno,Neutral,Negative,0.47190081857237015,Negation
3553,"Sir,bkash akta boro company.but sir jodi amon kono app toire korten jar maddaon taka incam kora jato taholo hoyto amader moto look tk incam korto parto...bd te onak app ase but pament day na....apnader company khule valo hoto...jmon india paytm ase tamony paytm farst game ase ja dia tk incam kora jai.... bangladesh a khole valo hoto.....",sir bkash akta boro company but sir jodi amon kono app toire korten jar maddaon taka incam kora jato taholo hoyto amader moto look tk incam korto parto bd te onak app ase but pament day na apnader company khule valo hoto jmon india paytm ase tamony paytm farst game ase ja dia tk incam kora jai bangladesh a khole valo hoto,Neutral,Mixed,0.47230263870004774,Negation
3652,Sir asha korchi apnader class onojayi common ashbe in shaa allah,sir asha korchi apnader class onojayi common ashbe in shaa allah,Neutral,Positive,0.6269843938164996,Other / manual review needed
3673,Sir ami olpo ar janno golden a pai nai,sir ami olpo ar janno golden a pai nai,Neutral,Negative,0.3850622531637627,Negation
3713,"Simple ekta jinish ,valo maan er case, poli, protector use koren. Ar dhire shushthe update koren. Bar bar ekta jinish vule jawa theke biroto thakben, eita apner phone! apnr bessha na. Thaolei phone er eto eto issue face kora theke onektay beche jaben",simple ekta jinish valo maan er case poli protector use koren ar dhire shushthe update koren bar bar ekta jinish vule jawa theke biroto thakben eita apner phone apnr bessha na thaolei phone er eto eto issue face kora theke onektay beche jaben,Neutral,Negative,0.36917541638905,Negation
3746,Shark 4 diye i video ta dakhci,shark 4 diye i video ta dakhci,Neutral,Positive,0.2947326510220594,Other / manual review needed
3767,Sgc amder clg dekhe mone holo cole jai shei purono dine,sgc amder clg dekhe mone holo cole jai shei purono dine,Neutral,Positive,0.5207446016059264,Other / manual review needed
3770,Series harar kono kosto nai paysa usul,series harar kono kosto nai paysa usul,Neutral,Negative,0.8017417776222577,Negation
3885,Sakib er abedon deikha umpire voye out diya dise,sakib er abedon deikha umpire voye out diya dise,Neutral,Negative,0.4966076027265827,Other / manual review needed
3896,Sadi ami to tomar dike takaici,sadi ami to tomar dike takaici,Neutral,Positive,0.4229288787083062,Other / manual review needed
3902,Saadi bai er voice ta khub china lagtese. Avik bai er buddy saadi?,saadi bai er voice ta khub china lagtese avik bai er buddy saadi,Neutral,Positive,0.3492682488387133,Other / manual review needed
3911,"S21 newar iccha cilo. Bt pixel 7 taw choice e lagce. Kunta overall better? pes,mlbb 2 ta game kheli. Ta chara daily use",s21 newar iccha cilo bt pixel 7 taw choice e lagce kunta overall better pes mlbb 2 ta game kheli ta chara daily use,Neutral,Mixed,0.5139960040326389,Other / manual review needed
3952,Rony ke opening e deya uchit silo,rony ke opening e deya uchit silo,Neutral,Negative,0.5093866211910306,Other / manual review needed
3955,Rommers are saying that noton karikolame ssc thakbe na,rommers are saying that noton karikolame ssc thakbe na,Neutral,Negative,0.5150944459139545,Negation
3972,Riyad kokhonoi 7th position er player na! 7number obossoi bowling allrounder,riyad kokhonoi 7th position er player na 7number obossoi bowling allrounder,Neutral,Negative,0.5790608723704691,Negation
3975,Ridoy aj faruki ke lafai lafai khalsa or lojja thakla ar lafabe na,ridoy aj faruki ke lafai lafai khalsa or lojja thakla ar lafabe na,Neutral,Negative,0.7821234041991105,Negation
4090,R jodi ai jawgaw keo na tkake,r jodi ai jawgaw keo na tkake,Neutral,Negative,0.6090276006069029,Negation
4113,Psu er price ta baira dilen,psu er price ta baira dilen,Neutral,Negative,0.3783561516123661,Other / manual review needed
4187,Plz apnader apps ta aro vlo korun my gp er moto plzzz,plz apnader apps ta aro vlo korun my gp er moto plzzz,Neutral,Positive,0.5183806309064549,Other / manual review needed
4274,Pdf toh pelam ekhon eto porbo ki kore afa,pdf toh pelam ekhon eto porbo ki kore afa,Neutral,Negative,0.6527280605172925,Other / manual review needed
4357,Pai nai karon mehedi nam nai,pai nai karon mehedi nam nai,Neutral,Negative,0.8387145199312878,Negation
4366,Over excited chilo. Tai 3 wickets lost holo. Single niley run chole asto,over excited chilo tai 3 wickets lost holo single niley run chole asto,Neutral,Positive,0.39519543180197103,Other / manual review needed
4415,Onk din dhore facebook page khular try kortesi khultese na. Ami bahbsi amr mobile a problem kintu dekhi kono mobile ba kono id diye o khula jacche naa. Amn ta keno hocce ektu bolen pls. Facebook lite theke page khula jay kintu thik bhabe khola hoy na follow er jayagay action botton likha thake. Follow option on kora jay naa. Vaiya pls help korun,onk din dhore facebook page khular try kortesi khultese na ami bahbsi amr mobile a problem kintu dekhi kono mobile ba kono id diye o khula jacche naa amn ta keno hocce ektu bolen pls facebook lite theke page khula jay kintu thik bhabe khola hoy na follow er jayagay action botton likha thake follow option on kora jay naa vaiya pls help korun,Neutral,Mixed,0.5389971900675351,Negation
4432,Onek agei nisi eta,onek agei nisi eta,Neutral,Positive,0.382639220264068,Other / manual review needed
4450,Okhane ektu egiye abar ias chaiwala bole ekta dokan khuleche. Eatable tea cup e serve kore,okhane ektu egiye abar ias chaiwala bole ekta dokan khuleche eatable tea cup e serve kore,Neutral,Negative,0.39674620628392215,Other / manual review needed
4499,nsu er SAC er 7 talay amrao er cheye kom bilashbohul jonmodin kom korinai,nsu er sac er 7 talay amrao er cheye kom bilashbohul jonmodin kom korinai,Neutral,Negative,0.42647076604299794,Other / manual review needed
4519,Nokia 5310 express music eta amaro frst phone cilo,nokia 5310 express music eta amaro frst phone cilo,Neutral,Negative,0.3280292737220798,Other / manual review needed
4520,Nokia 2.1 smrt fone bikash app open hoy na kno......,nokia 2 1 smrt fone bikash app open hoy na kno,Neutral,Negative,0.5514968091335067,Negation
4539,Next kolkata gele ekdom jachhi ekhane,next kolkata gele ekdom jachhi ekhane,Neutral,Positive,0.35418725158536135,Other / manual review needed
4579,Narzo 50 te g99 use hoise na?,narzo 50 te g99 use hoise na,Neutral,Mixed,0.46788627209426925,Negation
4599,Naim er wicket tai khushi hoise bhai khushi hoise aro ne ore faltu plater,naim er wicket tai khushi hoise bhai khushi hoise aro ne ore faltu plater,Neutral,Negative,0.47628996575339644,Other / manual review needed
4619,My gp app onek valo but amar akta request my gp te akta free fire pack rakle valo hoy,my gp app onek valo but amar akta request my gp te akta free fire pack rakle valo hoy,Neutral,Mixed,0.6486855278081268,Mixed or contrastive sentiment
4624,Mutton er pieces dekhe dada boudi r kotha mone pore gelo!,mutton er pieces dekhe dada boudi r kotha mone pore gelo,Neutral,Negative,0.4275018189453146,Other / manual review needed
4650,moto moti valoy app ta but MB offar gular mayad barano dorkar,moto moti valoy app ta but mb offar gular mayad barano dorkar,Neutral,Mixed,0.42568894368024857,Mixed or contrastive sentiment
4656,Motherboard list dile bhalo hoi for oc and non oc,motherboard list dile bhalo hoi for oc and non oc,Neutral,Positive,0.346286109869382,Romanized spelling variation
4682,Mone hocche xiomir monitor ta 60 hz e choltese. Can you plug it to pc and test again?,mone hocche xiomir monitor ta 60 hz e choltese can you plug it to pc and test again,Neutral,Negative,0.2814457791720604,Other / manual review needed
4687,Mohammdpur theika mugday aile abr hente shb raikha dimu,mohammdpur theika mugday aile abr hente shb raikha dimu,Neutral,Negative,0.5611292724827293,Other / manual review needed
4705,Miss korlam aj k jawar kotha chilo,miss korlam aj k jawar kotha chilo,Neutral,Mixed,0.4145052992057816,Other / manual review needed
4724,Microsoft flight sim and xplane 12 try dewar onurodh roilo,microsoft flight sim and xplane 12 try dewar onurodh roilo,Neutral,Positive,0.40269100849181616,Other / manual review needed
4735,Mem apni ekhaneo class nen. Apni toa technic er class nen,mem apni ekhaneo class nen apni toa technic er class nen,Neutral,Positive,0.3277011699175881,Other / manual review needed
4769,math lover hisebe prothomei wp te chock porlo i 3 u,math lover hisebe prothomei wp te chock porlo i 3 u,Neutral,Positive,0.4959622112537974,Other / manual review needed
4811,Log 3 er man toh 5,log 3 er man toh 5,Neutral,Negative,0.44225924259375765,Other / manual review needed
4817,Live dekan na keno youtube,live dekan na keno youtube,Neutral,Negative,0.41971090286605967,Negation
4820,"Liton good,nazmul failed but, good also",liton good nazmul failed but good also,Neutral,Mixed,0.7972877707541389,Mixed or contrastive sentiment
4830,lets get into the video boila mone hoy piser betar chehara uray dise,lets get into the video boila mone hoy piser betar chehara uray dise,Neutral,Negative,0.39404121865159325,Other / manual review needed
4874,Koto tk koroc porce?,koto tk koroc porce,Neutral,Negative,0.476818257474721,Other / manual review needed
4906,"Kom takay besi mb den na apnara..ar protidin banglalink er moto free mb den,,tahole valo hoto..",kom takay besi mb den na apnara ar protidin banglalink er moto free mb den tahole valo hoto,Neutral,Negative,0.4726169836551864,Negation
4925,Kobe j bow niye eishob jaiga ghurbo,kobe j bow niye eishob jaiga ghurbo,Neutral,Negative,0.45908045924982177,Other / manual review needed
4945,kisu koilam na ar,kisu koilam na ar,Neutral,Negative,0.6183514014745848,Negation
4956,Kire kire kapshi dekhi,kire kire kapshi dekhi,Neutral,Positive,0.4317592019284428,Other / manual review needed
4960,Kintu koi puche mere dil se mdsasafiul,kintu koi puche mere dil se mdsasafiul,Neutral,Mixed,0.6300737491419641,Mixed or contrastive sentiment
4963,kicu bolar nai paile mail kore diyen,kicu bolar nai paile mail kore diyen,Neutral,Negative,0.3976590565511027,Negation
4964,Kichu to pai nh apni gift den,kichu to pai nh apni gift den,Neutral,Negative,0.45883989075143033,Other / manual review needed
4965,Kichu din agee kheyechi ei puri,kichu din agee kheyechi ei puri,Neutral,Negative,0.36566498401812514,Other / manual review needed
4991,"Khub sunbor. Amio shariatpur ar. Ami france theke dhekchi,",khub sunbor amio shariatpur ar ami france theke dhekchi,Neutral,Positive,0.43156322244147105,Other / manual review needed
5002,"Khali a , khali golden, bhai pass korsi eitar kono dam nai",khali a khali golden bhai pass korsi eitar kono dam nai,Neutral,Negative,0.7826770607590547,Negation
5003,Khalaammar onek khuda lagsay,khalaammar onek khuda lagsay,Neutral,Positive,0.394041786900614,Other / manual review needed
5023,Kavi dcl ka nam sona he keya?,kavi dcl ka nam sona he keya,Neutral,Negative,0.45921527681074203,Other / manual review needed
5026,Kasmir jaor kotha chilo! jaben na?,kasmir jaor kotha chilo jaben na,Neutral,Negative,0.5211081206231348,Negation
5050,Kal ke exam egula porlei common in sha allah,kal ke exam egula porlei common in sha allah,Neutral,Positive,0.5174239795661054,Other / manual review needed
5062,Jumpes dada from jharkhand,jumpes dada from jharkhand,Neutral,Positive,0.5835000287686216,Other / manual review needed
5066,Joto mot toto poth ata jano to,joto mot toto poth ata jano to,Neutral,Negative,0.463107137064781,Other / manual review needed
5125,Jante curious kirokm laglo apnar khete. I hope they were professional,jante curious kirokm laglo apnar khete i hope they were professional,Neutral,Positive,0.5726602901431597,Other / manual review needed
5134,Jana Galo Pori moner akta cheler khoj,jana galo pori moner akta cheler khoj,Neutral,Positive,0.4624970932520589,Other / manual review needed
5148,Jaak baba! eto dine bujhlam keno aami moricher moto jhal!,jaak baba eto dine bujhlam keno aami moricher moto jhal,Neutral,Negative,0.5322095553005195,Other / manual review needed
5196,Inshallah,inshallah,Neutral,Positive,0.6706601822356598,Very short text
5239,India restaurant toh khidirpur a ache na oder purono outlet,india restaurant toh khidirpur a ache na oder purono outlet,Neutral,Negative,0.37626707771641027,Negation
5298,Huawei mate 40 pro huawei p50 pro ami use kori ak kothay darun service kono somossa hoy na,huawei mate 40 pro huawei p50 pro ami use kori ak kothay darun service kono somossa hoy na,Neutral,Positive,0.43783571830370893,Negation
5318,Hridoy cesta korle inshallah boro player hobe,hridoy cesta korle inshallah boro player hobe,Neutral,Positive,0.5498932626314159,Other / manual review needed
5357,Hmmm amro arokom hoy,hmmm amro arokom hoy,Neutral,Negative,0.3326035142591055,Other / manual review needed
5370,Hijab ta ar akto niche kore porle dekte valo lagto,hijab ta ar akto niche kore porle dekte valo lagto,Neutral,Negative,0.3265658389417184,Romanized spelling variation
5414,Hai re amader shei kapshi,hai re amader shei kapshi,Neutral,Positive,0.7471316178111659,Other / manual review needed
5501,Giveaway te to mone hoi onek comment hoi,giveaway te to mone hoi onek comment hoi,Neutral,Mixed,0.3247531792717978,Other / manual review needed
5550,Full video ta dekhechi kove kebria,full video ta dekhechi kove kebria,Neutral,Positive,0.34812791070839316,Other / manual review needed
5579,Fps er kotha koilen aj,fps er kotha koilen aj,Neutral,Negative,0.35474610771983567,Other / manual review needed
5609,Febrilife t shirt porcen?,febrilife t shirt porcen,Neutral,Negative,0.3893982479751353,Other / manual review needed
5617,Fast like dilam comment koroam,fast like dilam comment koroam,Neutral,Positive,0.547547302347513,Other / manual review needed
5620,Faruki bolling take shekta parba bd all boller,faruki bolling take shekta parba bd all boller,Neutral,Positive,0.3854567281459604,Other / manual review needed
5640,Faiza tomake pearl hotele dekhte cay,faiza tomake pearl hotele dekhte cay,Neutral,Positive,0.3757485646427741,Other / manual review needed
5659,Fahad tumi ese jeo time moto,fahad tumi ese jeo time moto,Neutral,Negative,0.4295508483317713,Other / manual review needed
5680,Etto khabar ki kore khaw?,etto khabar ki kore khaw,Neutral,Negative,0.5407133922484233,Other / manual review needed
5692,eto besi update korte hoy kn? ar internet use sara app hole valo hoto...,eto besi update korte hoy kn ar internet use sara app hole valo hoto,Neutral,Mixed,0.4146532662801357,Romanized spelling variation
5694,"eto abded na nile valo, hoto du din por por khali abded chai,,,,",eto abded na nile valo hoto du din por por khali abded chai,Neutral,Negative,0.4364151356400681,Negation
5743,English version er kunu class nai? nile onek bhalo hoto,english version er kunu class nai nile onek bhalo hoto,Neutral,Mixed,0.38132920354543476,Negation
5750,Enara vaccine nai nai,enara vaccine nai nai,Neutral,Negative,0.6282679405886388,Negation
5763,Emon din din aro hot hoey jache,emon din din aro hot hoey jache,Neutral,Negative,0.37184820124644347,Other / manual review needed
5780,Ekta qna hok. Apni ki akhon full time eaterfood reviewer?,ekta qna hok apni ki akhon full time eaterfood reviewer,Neutral,Negative,0.37013124812404585,Other / manual review needed
5836,Eigulor daam 2019 e 56k hoito,eigulor daam 2019 e 56k hoito,Neutral,Negative,0.5667445472284699,Other / manual review needed
5896,Edit kora pic mone hosse..ring er color o change..,edit kora pic mone hosse ring er color o change,Neutral,Negative,0.7021973751246089,Other / manual review needed
5906,Ebadat namlo name kan,ebadat namlo name kan,Neutral,Negative,0.4921446307931271,Other / manual review needed
5915,Dui tinjon bade keo 1240 up marks pai ni,dui tinjon bade keo 1240 up marks pai ni,Neutral,Negative,0.5109424725386846,Other / manual review needed
5959,Dhaka board er question onk easy hoise,dhaka board er question onk easy hoise,Neutral,Positive,0.581192350880649,Other / manual review needed
5975,Description e specs gola likhe dile valo hoy,description e specs gola likhe dile valo hoy,Neutral,Negative,0.4002168752110405,Romanized spelling variation
5976,denguevirus er vaccine er nibondhon korte partasi na. Akhon ki koronio,denguevirus er vaccine er nibondhon korte partasi na akhon ki koronio,Neutral,Negative,0.4140627913215444,Negation
5992,Dear customer .  amader bondho SIM e 5 taka te 500MB offer ti shorboccho 2 bar nite parben.,dear customer amader bondho sim e 5 taka te 500mb offer ti shorboccho 2 bar nite parben,Neutral,Negative,0.4629661950566619,Other / manual review needed
5998,Dashi brand valo kicu korta chacce,dashi brand valo kicu korta chacce,Neutral,Positive,0.48759720718762484,Romanized spelling variation
5999,Darun video. Kintu shabdhane kheo. Sei ekoda ek bagher golay har phutiyachhilor moto. Ekhane boga mama pabe na je bar kore debe,darun video kintu shabdhane kheo sei ekoda ek bagher golay har phutiyachhilor moto ekhane boga mama pabe na je bar kore debe,Neutral,Negative,0.44191534564715157,Negation
6061,"Dada go, ekta tandoori roti nite parle na ! ektu dekhtam. Am a roti person",dada go ekta tandoori roti nite parle na ektu dekhtam am a roti person,Neutral,Negative,0.40523601990741204,Negation
6081,Dada apnar channel ta dakhle khide bare jai,dada apnar channel ta dakhle khide bare jai,Neutral,Positive,0.376230790879861,Other / manual review needed
6090,"Dada 1 bar poraoshottho tolay khanewala e khabar test kore jaben parle, asha kori apnar bhalo lgbe, gemslog e kali barir oposit side e",dada 1 bar poraoshottho tolay khanewala e khabar test kore jaben parle asha kori apnar bhalo lgbe gemslog e kali barir oposit side e,Neutral,Positive,0.40358438917631295,Romanized spelling variation
6109,Cpuz phone vr. E clock speed show kore,cpuz phone vr e clock speed show kore,Neutral,Negative,0.4157255750076187,Other / manual review needed
6118,Could have holo kamny,could have holo kamny,Neutral,Positive,0.33739459347666867,Other / manual review needed
6137,"Comments like ami khabo, apnara dekhben is quite disgusting. Yes, it is true but presentation could have been better",comments like ami khabo apnara dekhben is quite disgusting yes it is true but presentation could have been better,Neutral,Mixed,0.46743527973492344,Mixed or contrastive sentiment
6145,Comilla board always kothin hoy,comilla board always kothin hoy,Neutral,Negative,0.4235317931422542,Other / manual review needed
6166,Class 7er meye mone hoy,class 7er meye mone hoy,Neutral,Negative,0.6731310131066667,Other / manual review needed
6173,Choto dokan gulote vetki macher kata niye ase. Tate je fish lege thake sei gulo diye fish chop banai. Darun laglo ajker episode,choto dokan gulote vetki macher kata niye ase tate je fish lege thake sei gulo diye fish chop banai darun laglo ajker episode,Neutral,Positive,0.6270061311558655,Other / manual review needed
6187,China vaccine karjokorita nie Bangladesh akhono gobeshona kore nai,china vaccine karjokorita nie bangladesh akhono gobeshona kore nai,Neutral,Negative,0.4294694160405916,Negation
6188,Chicken to haram hobe jobai korar shomoi allahu akbar bola hoi na,chicken to haram hobe jobai korar shomoi allahu akbar bola hoi na,Neutral,Negative,0.7059317884053533,Negation
6199,Chainsaw man er dialogue bangla r,chainsaw man er dialogue bangla r,Neutral,Negative,0.5063986660821763,Other / manual review needed
6236,But still 1 ta question jodi flower tub e pani diye earthing er line di tahole ki same kaj hobe?,but still 1 ta question jodi flower tub e pani diye earthing er line di tahole ki same kaj hobe,Neutral,Mixed,0.5341971515653062,Mixed or contrastive sentiment
6244,"Bujlam security ar jonno valo ,,,but amr sim big size phone ar sim nano what can I do now???? How could I app registration???",bujlam security ar jonno valo but amr sim big size phone ar sim nano what can i do now how could i app registration,Neutral,Mixed,0.3644215028550911,Mixed or contrastive sentiment
6247,Bujhlam na description a phone er price dey na kn?,bujhlam na description a phone er price dey na kn,Neutral,Negative,0.729668429519339,Negation
6289,Bro are you using oppo?,bro are you using oppo,Neutral,Positive,0.5482854287228607,Other / manual review needed
6323,Bon bivag er dristy akorshon korchi,bon bivag er dristy akorshon korchi,Neutral,Negative,0.3382125644632853,Other / manual review needed
6358,"BKash app ta valoi, tobe security system aro improve hole valo hobe,,,,,,,",bkash app ta valoi tobe security system aro improve hole valo hobe,Neutral,Mixed,0.7342199103455493,Mixed or contrastive sentiment
6478,"Bhai, ager monitor gulo eto mota chilo kno?",bhai ager monitor gulo eto mota chilo kno,Neutral,Mixed,0.5769728974829613,Other / manual review needed
6546,Bhai indian tyke kinte parbo na shala ra dam beshi ney,bhai indian tyke kinte parbo na shala ra dam beshi ney,Neutral,Negative,0.6287160204359017,Negation
6611,Bhai ami to grill eo dei nai amito wall e tarkata gaira disi amr risk ache?,bhai ami to grill eo dei nai amito wall e tarkata gaira disi amr risk ache,Neutral,Negative,0.41097493594339063,Negation
6613,Bhai ami kidney becha iphone na kehena ami ye shob khen bo,bhai ami kidney becha iphone na kehena ami ye shob khen bo,Neutral,Negative,0.5185139432000845,Negation
6661,Best line ami jacchi gorur hate apnara genji kenakata koren,best line ami jacchi gorur hate apnara genji kenakata koren,Neutral,Positive,0.4083280207909424,Other / manual review needed
6671,Becon means shukorer mangsho na apu?,becon means shukorer mangsho na apu,Neutral,Negative,0.5266020917591197,Negation
6672,Bechara shuru te apni bole ekhon bole tumi,bechara shuru te apni bole ekhon bole tumi,Neutral,Negative,0.4841172043903848,Other / manual review needed
6693,Batar mor er jilabi miss krso beldarpara or golpo kotha 2jagar fuskha miss krso bot porota maybe miss krso,batar mor er jilabi miss krso beldarpara or golpo kotha 2jagar fuskha miss krso bot porota maybe miss krso,Neutral,Negative,0.3854906942217111,Other / manual review needed
6698,Barishal mcq onkk khrap hoica,barishal mcq onkk khrap hoica,Neutral,Negative,0.39559848628783273,Other / manual review needed
6707,Banglalink er network valo kora dorkar,banglalink er network valo kora dorkar,Neutral,Negative,0.4566904446586634,Romanized spelling variation
6766,Baiya ami pdf pai nai,baiya ami pdf pai nai,Neutral,Negative,0.6620417557314527,Negation
6785,Bai archar ki ekon kele na,bai archar ki ekon kele na,Neutral,Negative,0.5377923075115191,Negation
6805,baby valo offer dau na keno?,baby valo offer dau na keno,Neutral,Negative,0.6448161970330103,Negation
6833,Ay tws ta kane diyai video ta deklam,ay tws ta kane diyai video ta deklam,Neutral,Positive,0.4609095292886219,Other / manual review needed
6847,Ato kosto ke korbe. Current thakle loss ache kichu?,ato kosto ke korbe current thakle loss ache kichu,Neutral,Negative,0.49164681900425516,Other / manual review needed
6849,Ato amar bari r pase sob location apni elen cover korlen khub bhalo laglo,ato amar bari r pase sob location apni elen cover korlen khub bhalo laglo,Neutral,Positive,0.7427640851185631,Romanized spelling variation
6852,Ate ami onek age take jani,ate ami onek age take jani,Neutral,Positive,0.5303591280390426,Other / manual review needed
6861,Atc keno auto unsubscribed hoye jay ?,atc keno auto unsubscribed hoye jay,Neutral,Negative,0.5767065554297635,Other / manual review needed
6877,Ata kon desh assembled hoice?,ata kon desh assembled hoice,Neutral,Negative,0.5998061835707459,Other / manual review needed
6887,Ata diye ki barishal board a common porbe?,ata diye ki barishal board a common porbe,Neutral,Negative,0.4808174809913452,Other / manual review needed
6895,"Ata amr 1s comment but ami apnade video 5 yr theke dekhchi pray, but kokhono prosno kora lage nay, so amr prosno holo! ami i5 6g use kori, ekhn ami ki ai gpu ta premier pro 2020 te valovabe use korte parbo? ami game kheli na r khelar time o nai,",ata amr 1s comment but ami apnade video 5 yr theke dekhchi pray but kokhono prosno kora lage nay so amr prosno holo ami i5 6g use kori ekhn ami ki ai gpu ta premier pro 2020 te valovabe use korte parbo ami game kheli na r khelar time o nai,Neutral,Mixed,0.5392401202703853,Negation
6906,Asus er sathe mone hoi tushar bhai er jhamela hoise,asus er sathe mone hoi tushar bhai er jhamela hoise,Neutral,Positive,0.266930626975933,Other / manual review needed
6962,Assalamu alaikum sam vaii,assalamu alaikum sam vaii,Neutral,Positive,0.4117465532338361,Other / manual review needed
7010,Aro valo krun apps ti ke,aro valo krun apps ti ke,Neutral,Positive,0.4452131387501734,Romanized spelling variation
7074,Ar amra koto khujlam pelam na,ar amra koto khujlam pelam na,Neutral,Negative,0.6286142217005946,Negation
7075,Apuuuui rqst ebr student der jonno restaurant with food recommend koro plzzzzz. Amader dik tao vabo plzzz,apuuuui rqst ebr student der jonno restaurant with food recommend koro plzzzzz amader dik tao vabo plzzz,Neutral,Positive,0.37604209899829266,Other / manual review needed
7116,Apu tomi amader alaykay gore gela r tomake dekhla na,apu tomi amader alaykay gore gela r tomake dekhla na,Neutral,Negative,0.47637832576659517,Negation
7168,Apu mirpur 10 eo emn ekta budget vlog korean!,apu mirpur 10 eo emn ekta budget vlog korean,Neutral,Negative,0.31523753910746627,Other / manual review needed
7172,Apu majhkhane sound koi gelo ?,apu majhkhane sound koi gelo,Neutral,Negative,0.44946884567858525,Other / manual review needed
7243,Apu apni j dres ta pora asan sata amaro asa,apu apni j dres ta pora asan sata amaro asa,Neutral,Negative,0.30721083090916235,Other / manual review needed
7259,Apu amr memories mone hoe gelo,apu amr memories mone hoe gelo,Neutral,Negative,0.41252895066735223,Other / manual review needed
7278,Apu ame to raj a nai,apu ame to raj a nai,Neutral,Negative,0.4634077260550235,Negation
7351,Apni dekhi erading sur change korsen vai,apni dekhi erading sur change korsen vai,Neutral,Negative,0.347616988978668,Other / manual review needed
7365,Apnare to school er master bananor kam vai ki shikhhitoo manushh,apnare to school er master bananor kam vai ki shikhhitoo manushh,Neutral,Negative,0.4252675314384418,Other / manual review needed
7441,Annyo Media r kache emon kono news Kara hoini...please public k bhool news deben naa.,annyo media r kache emon kono news kara hoini please public k bhool news deben naa,Neutral,Negative,0.6637116363017908,Other / manual review needed
7445,Anker er products quality asolei onek darun. Ar wrenty service best,anker er products quality asolei onek darun ar wrenty service best,Neutral,Positive,0.9227080689678961,Other / manual review needed
7473,Amr pdf open hocche nah,amr pdf open hocche nah,Neutral,Negative,0.5601648960479262,Other / manual review needed
7499,Amr apps ta kaj korcha na.the app is under maintains dakhacha..ami ay apps ta khub dorkar please ata vlo kora Dan,amr apps ta kaj korcha na the app is under maintains dakhacha ami ay apps ta khub dorkar please ata vlo kora dan,Neutral,Mixed,0.33194007952492666,Negation
7502,Amr a na ashar karon bhiyar biya acadao badite onek attioshojon cilo tai,amr a na ashar karon bhiyar biya acadao badite onek attioshojon cilo tai,Neutral,Negative,0.40606304338790966,Negation
7517,Amio potidin class krbo viya,amio potidin class krbo viya,Neutral,Positive,0.46004556795245494,Other / manual review needed
7523,Ami walton nexg 6 bebohar kortechi,ami walton nexg 6 bebohar kortechi,Neutral,Positive,0.4921428311574716,Other / manual review needed
7525,Ami valo offar payna kan Ami kintu bat dia dimu P,ami valo offar payna kan ami kintu bat dia dimu p,Neutral,Mixed,0.4817479014565713,Mixed or contrastive sentiment
7528,"Ami vabcilam yt er glitch er jonno 3 bosor ager video er notification ashce, pore dekhlam j walton er laptop",ami vabcilam yt er glitch er jonno 3 bosor ager video er notification ashce pore dekhlam j walton er laptop,Neutral,Positive,0.3246455738820677,Other / manual review needed
7536,Ami sylhet theke dekteci,ami sylhet theke dekteci,Neutral,Positive,0.3329465374649321,Other / manual review needed
7541,Ami shudhu eituk e jante chaibo j benchmark korar time a ki amd gulo overclock korsilen?cause amd apu gulo overclock korar ekta option dey jeta same price er intel dicche na. So oita na kore jodi kore thaken to kichuta performance gap obosshoi dekha jabe. Ar jodi bolen j overclock kno korben tobe tar ans ekta j eita or shathe asha ekta feature jeta intel dicche na but amd dicche so oi jinish ta fully utilize na korle to amd k justice korw hocche na,ami shudhu eituk e jante chaibo j benchmark korar time a ki amd gulo overclock korsilen cause amd apu gulo overclock korar ekta option dey jeta same price er intel dicche na so oita na kore jodi kore thaken to kichuta performance gap obosshoi dekha jabe ar jodi bolen j overclock kno korben tobe tar ans ekta j eita or shathe asha ekta feature jeta intel dicche na but amd dicche so oi jinish ta fully utilize na korle to amd k justice korw hocche na,Neutral,Mixed,0.5569242679450505,Negation
7542,"Ami shob jaigai 3 pin use kori, kintu amar ups er plug ta 2 pin. Eitar kono shomadhan ache?",ami shob jaigai 3 pin use kori kintu amar ups er plug ta 2 pin eitar kono shomadhan ache,Neutral,Mixed,0.33305231338042673,Mixed or contrastive sentiment
7546,Ami shara jibon bhabsi alhua,ami shara jibon bhabsi alhua,Neutral,Positive,0.35080677285738754,Other / manual review needed
7578,Ami last 3 years dhore walton primo rx7 mini use korigoriber apple 12 ek kothy value for money.,ami last 3 years dhore walton primo rx7 mini use korigoriber apple 12 ek kothy value for money,Neutral,Positive,0.4961599559172532,Other / manual review needed
7605,Ami gadget and park theke amar phone ta nisi sekhane ekta boro vai ase porichito,ami gadget and park theke amar phone ta nisi sekhane ekta boro vai ase porichito,Neutral,Positive,0.47839520886022135,Other / manual review needed
7620,Ami dinajpur bordh thke,ami dinajpur bordh thke,Neutral,Positive,0.525027733181273,Other / manual review needed
7630,Ami behalay thaki tai behala explore korar jonno thanks,ami behalay thaki tai behala explore korar jonno thanks,Neutral,Positive,0.8084823272567223,Other / manual review needed
7650,Ami aaj sondhay dimer devil aadh khana dimer e khelam daam matro 12 taka. Aamar bari kolkata 109 etey. Ahamori kichui not mone hoi damer dik theke. Not at all inspired,ami aaj sondhay dimer devil aadh khana dimer e khelam daam matro 12 taka aamar bari kolkata 109 etey ahamori kichui not mone hoi damer dik theke not at all inspired,Neutral,Negative,0.48894855838785684,Negation
7668,Amdr offer guli vlo daya hoyna kno?,amdr offer guli vlo daya hoyna kno,Neutral,Negative,0.35889293856386995,Other / manual review needed
7681,Amare diye dan love amader tech channel,amare diye dan love amader tech channel,Neutral,Positive,0.5034788577681748,Other / manual review needed
7685,Amar tirch tante hoy na dhorlei lomba hoye jai faijlami korlam keo serious diben na,amar tirch tante hoy na dhorlei lomba hoye jai faijlami korlam keo serious diben na,Neutral,Negative,0.6245031869587314,Negation
7723,amar hat jei kalar kala apnar ei post dekhar por vabbe ami bibahito,amar hat jei kalar kala apnar ei post dekhar por vabbe ami bibahito,Neutral,Positive,0.536836724164238,Other / manual review needed
7759,Amar aro vlo kiso dorksr,amar aro vlo kiso dorksr,Neutral,Positive,0.5112949285990536,Other / manual review needed
7770,Amaka deban amar kono valo phone nay,amaka deban amar kono valo phone nay,Neutral,Positive,0.43530978484417565,Negation
7774,Amader ti letar nai fast pepar,amader ti letar nai fast pepar,Neutral,Negative,0.35088927247985124,Negation
7802,Allhamdulillah masha allah joy bangla,allhamdulillah masha allah joy bangla,Neutral,Positive,0.5777730654209875,Other / manual review needed
7808,Allah paoway dio xanonx20 samzone waltonvangladesh,allah paoway dio xanonx20 samzone waltonvangladesh,Neutral,Positive,0.7269833401914476,Other / manual review needed
7811,Allah hedayet koruk amader,allah hedayet koruk amader,Neutral,Positive,0.6537964260685529,Other / manual review needed
7837,Akta kotha jannnar chilo she ta holo emon akta builer info lagbe jeta diye ami pubg mobile mane emulator e ultra hd te game play korte pari asha kori aktu jananben?,akta kotha jannnar chilo she ta holo emon akta builer info lagbe jeta diye ami pubg mobile mane emulator e ultra hd te game play korte pari asha kori aktu jananben,Neutral,Mixed,0.45555385850348973,Other / manual review needed
7861,Ajker live class korte parlam na,ajker live class korte parlam na,Neutral,Mixed,0.3893808149080294,Negation
7875,Aj bujlam je o amar moto anime dekhe,aj bujlam je o amar moto anime dekhe,Neutral,Negative,0.456796613989658,Other / manual review needed
7901,Aisha pori vai sobar age,aisha pori vai sobar age,Neutral,Positive,0.41770682155112504,Other / manual review needed
7920,Ai video punoraw upload korsen keno?,ai video punoraw upload korsen keno,Neutral,Negative,0.4175193225057691,Other / manual review needed
7946,Ai colortai kacha steak,ai colortai kacha steak,Neutral,Negative,0.3725257112852379,Other / manual review needed
7957,Aho shariatpure tomare sagotom,aho shariatpure tomare sagotom,Neutral,Negative,0.413969628176536,Other / manual review needed
7966,Ager version tai onek vlo cilo,ager version tai onek vlo cilo,Neutral,Mixed,0.5552268762289495,Other / manual review needed
7967,ager tai valo chilo,ager tai valo chilo,Neutral,Mixed,0.8476056164326604,Romanized spelling variation
7981,Afghani aj be apny bacho ke kehty hongy so jao wrna asif ali aa jaye ga,afghani aj be apny bacho ke kehty hongy so jao wrna asif ali aa jaye ga,Neutral,Negative,0.38187044338315795,Other / manual review needed
8041,Aami us thaaki starbucks same everywhere. Kolkata starbucks is equally good. India has big coffee gardens in karnataka state in nilgiris and madurai,aami us thaaki starbucks same everywhere kolkata starbucks is equally good india has big coffee gardens in karnataka state in nilgiris and madurai,Neutral,Positive,0.5206476755605757,Other / manual review needed
8051,A380 di le khushi hoy tam,a380 di le khushi hoy tam,Neutral,Negative,0.383836449365571,Other / manual review needed
8083,"734 33,630in shopkeeper bollo, sei hisabe 47082bdt ase",734 33 630in shopkeeper bollo sei hisabe 47082bdt ase,Neutral,Negative,0.3192200313368691,Other / manual review needed
8094,6gb ram ar sathe go edisation,6gb ram ar sathe go edisation,Neutral,Negative,0.4744576955535742,Other / manual review needed
8116,5g ph kiner taka nei tai 3 year old 4g ph e use korchi,5g ph kiner taka nei tai 3 year old 4g ph e use korchi,Neutral,Mixed,0.29370304753190446,Negation
8185,3271 taka ke mobilea vore?? aidike amr 100 taka phne vorte kolija bair hoia jai,3271 taka ke mobilea vore aidike amr 100 taka phne vorte kolija bair hoia jai,Neutral,Negative,0.5126792028566378,Other / manual review needed
8189,30k modda vlo e but rgb fan gula aktu kmn araokto smart look huila ostir lagto aro,30k modda vlo e but rgb fan gula aktu kmn araokto smart look huila ostir lagto aro,Neutral,Mixed,0.49354527648408664,Mixed or contrastive sentiment
8199,30 din yus histori dele vala hay,30 din yus histori dele vala hay,Neutral,Negative,0.44053997938084627,Other / manual review needed
8204,3 star dilam but aro valo offer dile 5 star dibo,3 star dilam but aro valo offer dile 5 star dibo,Neutral,Mixed,0.7591704458845373,Mixed or contrastive sentiment
8206,3 million khob taratari hobe bhai. Amader treat dite hobe,3 million khob taratari hobe bhai amader treat dite hobe,Neutral,Positive,0.5566071691522197,Other / manual review needed
8210,3 million er khub kachakachi,3 million er khub kachakachi,Neutral,Positive,0.7745066192838825,Other / manual review needed
8252,2018 te jsc tar mane to vaiyer koydin pore hsc exam,2018 te jsc tar mane to vaiyer koydin pore hsc exam,Neutral,Mixed,0.3040400890437339,Other / manual review needed
8257,200 mp main camera er sathe 8 ultra na diya 13 dilto r macro 8 dito best hoito,200 mp main camera er sathe 8 ultra na diya 13 dilto r macro 8 dito best hoito,Neutral,Negative,0.3517071827788468,Negation
8272,1takai 60mb na pele sim off kore reke dibo,1takai 60mb na pele sim off kore reke dibo,Neutral,Negative,0.7807115040928873,Negation
8282,1GB @Tk20 neya jay na kno! Customer care theke bollo App update dite but update deyar por o neya jay nah,1gb tk20 neya jay na kno customer care theke bollo app update dite but update deyar por o neya jay nah,Neutral,Negative,0.5686458239334805,Negation
8336,1000 Tk hola tar por pament ota 100tk hola pament hola valo hoto ta abar pament daba ki na ta o jany na,1000 tk hola tar por pament ota 100tk hola pament hola valo hoto ta abar pament daba ki na ta o jany na,Neutral,Mixed,0.34646170077420063,Negation
8355,1 tk te 60 mb calu kor,1 tk te 60 mb calu kor,Neutral,Negative,0.4474707443718884,Other / manual review needed
8374,"sit asteche akta valo dekhe bow diyen...,",sit asteche akta valo dekhe bow diyen,Neutral,Positive,0.49005527914308883,Romanized spelling variation
8376,Poco nam er sathai kolongko laiga asa,poco nam er sathai kolongko laiga asa,Negative,Neutral,0.47362088127062313,Other / manual review needed
8395,Vaiya ami purota likhte parini. Manoshik vabe khub venge porsi,vaiya ami purota likhte parini manoshik vabe khub venge porsi,Negative,Positive,0.40053894271064655,Other / manual review needed
8396,Vai amr prb kortece onek,vai amr prb kortece onek,Negative,Positive,0.5035401865106872,Other / manual review needed
8402,"Sir ami jessore board theke exam disi,oidiner bangla live classer pdf theke matro duita mcq common porse mcq cq both kharap hoise apnara jessore board er jonno goddo oporichita most important disilen and poddo bidrohita most important disilen kintu bidrohi r oporichita theke ekta cq o ashenai",sir ami jessore board theke exam disi oidiner bangla live classer pdf theke matro duita mcq common porse mcq cq both kharap hoise apnara jessore board er jonno goddo oporichita most important disilen and poddo bidrohita most important disilen kintu bidrohi r oporichita theke ekta cq o ashenai,Negative,Neutral,0.285037124980724,Mixed or contrastive sentiment
8410,Zawad vaiyaaa! assalamu alaikum wa rahmatullah! apnar class onek miss kori!,zawad vaiyaaa assalamu alaikum wa rahmatullah apnar class onek miss kori,Negative,Positive,0.6431048521878292,Other / manual review needed
8508,Vlo hoise ekdm domingor desh dubse,vlo hoise ekdm domingor desh dubse,Negative,Positive,0.5097401845349961,Other / manual review needed
8512,Virat and babar is king hridoy is next king,virat and babar is king hridoy is next king,Negative,Positive,0.7002999910072492,Other / manual review needed
8515,Videote apnr kotho gulu taratari kano bolen,videote apnr kotho gulu taratari kano bolen,Negative,Neutral,0.4399710533162838,Other / manual review needed
8516,Videor jonno koto kichu korta hoy,videor jonno koto kichu korta hoy,Negative,Neutral,0.5743868579249783,Other / manual review needed
8536,Video resolution nie details bolenni,video resolution nie details bolenni,Negative,Neutral,0.5418982819126541,Other / manual review needed
8562,Vi wh to vloi. But aitr app proconddo baje,vi wh to vloi but aitr app proconddo baje,Negative,Mixed,0.6754737638149824,Mixed or contrastive sentiment
8572,Vi chuadanga theke dekci. Ami regular apnader video dekhi,vi chuadanga theke dekci ami regular apnader video dekhi,Negative,Positive,0.4110790882481481,Other / manual review needed
8576,Vi ami akta kinsi. But time ta thik korta pari na,vi ami akta kinsi but time ta thik korta pari na,Negative,Mixed,0.5177630440618997,Negation
8579,Vhi amr infinix hot 30 ta onk hang kortasa vhi ami akhon ke korta pare,vhi amr infinix hot 30 ta onk hang kortasa vhi ami akhon ke korta pare,Negative,Neutral,0.38522331901864015,Other / manual review needed
8582,Vhaiya plz vhul answer as deo na,vhaiya plz vhul answer as deo na,Negative,Neutral,0.4185034516670617,Negation
8641,Valo Offar naai gp te,valo offar naai gp te,Negative,Positive,0.3729917640413936,Romanized spelling variation
8706,Valo kaj kre nahh,valo kaj kre nahh,Negative,Positive,0.4189297250187139,Romanized spelling variation
8732,Vaiya same case diye build korsi kintu mobo diye fan er color gula control korte partesina,vaiya same case diye build korsi kintu mobo diye fan er color gula control korte partesina,Negative,Neutral,0.45351797614387096,Mixed or contrastive sentiment
8736,Vaiya pdf namano jaitesena,vaiya pdf namano jaitesena,Negative,Neutral,0.7431244125451093,Other / manual review needed
8739,Vaiya neckband er price ta r ektu kom hole vlo hoto na,vaiya neckband er price ta r ektu kom hole vlo hoto na,Negative,Neutral,0.38848891442598965,Negation
8740,Vaiya mymensingh board ar question gulo onek hard hoise,vaiya mymensingh board ar question gulo onek hard hoise,Negative,Positive,0.4177622311455335,Other / manual review needed
8749,Vaiya amr mini ups eita onk age apnar ekhane dekhei nisilm but akhn battery backup kharap hye gese. Ekta solution den pls,vaiya amr mini ups eita onk age apnar ekhane dekhei nisilm but akhn battery backup kharap hye gese ekta solution den pls,Negative,Mixed,0.36589574214111537,Mixed or contrastive sentiment
8752,Vaiya ame pdf ta dawnlod korta partaci na,vaiya ame pdf ta dawnlod korta partaci na,Negative,Neutral,0.5371188186385825,Negation
8794,Vai valo camera man lagba apnadar. Onk jaigai blure hoya theka,vai valo camera man lagba apnadar onk jaigai blure hoya theka,Negative,Positive,0.4908680108263672,Romanized spelling variation
8815,Vai super fan folding jeta order disilen tar review diben bollen dilen aita disappointed,vai super fan folding jeta order disilen tar review diben bollen dilen aita disappointed,Negative,Neutral,0.6680519578672864,Other / manual review needed
8816,Vai ssd haat theke porar por e ssd readonly mode e coila gechilo,vai ssd haat theke porar por e ssd readonly mode e coila gechilo,Negative,Neutral,0.41923566176025423,Other / manual review needed
8817,Vai ssc er por theke hsc er por theke admission e public e hoile tar por o chole gelo but akhon 3rd year e uthbo tao pc pailam na,vai ssc er por theke hsc er por theke admission e public e hoile tar por o chole gelo but akhon 3rd year e uthbo tao pc pailam na,Negative,Mixed,0.5253024470789828,Negation
8835,Vai re vai emon fetra khela er age dekhi nai,vai re vai emon fetra khela er age dekhi nai,Negative,Neutral,0.43856182623905715,Negation
8859,Vai mosaddek leg spin onk bje khela or ata improv drkr. Tkn oi 11 a khelar mtn joggo,vai mosaddek leg spin onk bje khela or ata improv drkr tkn oi 11 a khelar mtn joggo,Negative,Neutral,0.4605164225250056,Other / manual review needed
8889,Vai fan kinlen 6 ta lagailen 5 ta pisoner non rgb fan ta khule rgb ta lagiye diten,vai fan kinlen 6 ta lagailen 5 ta pisoner non rgb fan ta khule rgb ta lagiye diten,Negative,Neutral,0.6019381426505451,Other / manual review needed
8920,Vai bissas koren apnader duitare emon bekkol lagtache ki bolbo,vai bissas koren apnader duitare emon bekkol lagtache ki bolbo,Negative,Neutral,0.5875536583030612,Other / manual review needed
8947,Vai apnara kolar uchaiya class nankan ata ke apnader satha jay aktu vabben,vai apnara kolar uchaiya class nankan ata ke apnader satha jay aktu vabben,Negative,Neutral,0.35102810850617483,Other / manual review needed
8949,Vai apnar video r sound onk kom,vai apnar video r sound onk kom,Negative,Positive,0.557329900993442,Other / manual review needed
8950,Vai apnar shob golo video de hi kino ai video ta amar valo laglo na karo bl app a onek features e nai ja my airtel app a ase,vai apnar shob golo video de hi kino ai video ta amar valo laglo na karo bl app a onek features e nai ja my airtel app a ase,Negative,Positive,0.40610579621736836,Negation
8956,"Vai apnak bolsi,Reactor brro.oi madar cud 2 ta k ki j korte mon cai amar.",vai apnak bolsi reactor brro oi madar cud 2 ta k ki j korte mon cai amar,Negative,Neutral,0.3843522710316465,Other / manual review needed
8968,Vai ami samsung ar akta old phone use kori j2 os 4 google ar support o ni. Apnara phone giveaway koren na akta,vai ami samsung ar akta old phone use kori j2 os 4 google ar support o ni apnara phone giveaway koren na akta,Negative,Neutral,0.6321096179425008,Negation
8972,Vai ami hsc23 batch er secince er student. Ami bangla niye phd korte asi nai. Ze ekbare bangla niye puro duniya jante hobe. Eitake bangla final revision bole naaa. Kichu mone korben class ta kore purota time ei waste korlam,vai ami hsc23 batch er secince er student ami bangla niye phd korte asi nai ze ekbare bangla niye puro duniya jante hobe eitake bangla final revision bole naaa kichu mone korben class ta kore purota time ei waste korlam,Negative,Neutral,0.34833027871625605,Negation
9026,"Under 15k er moddhe redmi 11prime e g99. Abar under 19k er moddhei infinix note 30 teu g99 r apni bolchen j 25k er niche naki ei processore paboi nah ooo ha realme 10 eu kintu g99, ota abar amoled display under 18k er moddhe",under 15k er moddhe redmi 11prime e g99 abar under 19k er moddhei infinix note 30 teu g99 r apni bolchen j 25k er niche naki ei processore paboi nah ooo ha realme 10 eu kintu g99 ota abar amoled display under 18k er moddhe,Negative,Neutral,0.3487174219328596,Mixed or contrastive sentiment
9035,Ui ta r o updatable hole better hoto,ui ta r o updatable hole better hoto,Negative,Neutral,0.5437170112071653,Other / manual review needed
9036,Ui ta boring type er onno sob company er moto ui use kora dorkar,ui ta boring type er onno sob company er moto ui use kora dorkar,Negative,Neutral,0.5038161588923746,Other / manual review needed
9044,ufff tumar m*l eto balo kem ne,ufff tumar m l eto balo kem ne,Negative,Positive,0.6942057014628947,Other / manual review needed
9049,Uff ki hot Inbox aso plzz,uff ki hot inbox aso plzz,Negative,Neutral,0.4482086338092504,Other / manual review needed
9062,Tushar vai chara jome nah whattheteach,tushar vai chara jome nah whattheteach,Negative,Neutral,0.30748020254510655,Other / manual review needed
9275,Tmr video gulu onk sundor. Tmader sate ki knu tour a jaua jbe?,tmr video gulu onk sundor tmader sate ki knu tour a jaua jbe,Negative,Positive,0.7524202234159191,Other / manual review needed
9277,Tmr Thai ta toh sei,tmr thai ta toh sei,Negative,Positive,0.4838761374361124,Other / manual review needed
9321,Timeline set koira deoar jonno dhonnobadh,timeline set koira deoar jonno dhonnobadh,Negative,Neutral,0.3525822463930028,Other / manual review needed
9323,Timake 8 minute lagate caoa amar dhon,timake 8 minute lagate caoa amar dhon,Negative,Neutral,0.37760967122387534,Other / manual review needed
9336,Thumbnail ta jogonno hoice emon vai er face expression kmn kmn jani cilo,thumbnail ta jogonno hoice emon vai er face expression kmn kmn jani cilo,Negative,Neutral,0.32886357934832866,Other / manual review needed
9354,Thanks for u vaiya .....Ara bidhormi Eman komanor jonno ader cokranto allah rokha koren insaallah,thanks for u vaiya ara bidhormi eman komanor jonno ader cokranto allah rokha koren insaallah,Negative,Positive,0.9008163855373671,Other / manual review needed
9355,Thank hasina bangali bucachuda hahaha,thank hasina bangali bucachuda hahaha,Negative,Positive,0.32497384777859395,Other / manual review needed
9360,Thai get lagano jaibo,thai get lagano jaibo,Negative,Neutral,0.4295542628936098,Other / manual review needed
9361,Tere liyee. Veer zaara. Just awesome space awesome songs learning space man haha,tere liyee veer zaara just awesome space awesome songs learning space man haha,Negative,Positive,0.4505822275844981,Other / manual review needed
9373,Tecnor ui thik kora uchit age,tecnor ui thik kora uchit age,Negative,Neutral,0.36147555938249637,Other / manual review needed
9433,"Ta hole ki lav hoilo,",ta hole ki lav hoilo,Negative,Neutral,0.4452480792222455,Other / manual review needed
9460,Sunechi se naki khub sundor khela day,sunechi se naki khub sundor khela day,Negative,Positive,0.5769867438941556,Other / manual review needed
9464,Sujon aber kinbidonti holo kobe,sujon aber kinbidonti holo kobe,Negative,Neutral,0.8548108025518404,Other / manual review needed
9482,Studio te ac lagan. Gaye ghamer chik chik light reflect kortese,studio te ac lagan gaye ghamer chik chik light reflect kortese,Negative,Neutral,0.5173473366514773,Other / manual review needed
9505,Sound koi budar video banan,sound koi budar video banan,Negative,Neutral,0.7474256444629824,Other / manual review needed
9515,Sorry vai vul jaygay dhuke porsi ami vabsilam pc budget 26k,sorry vai vul jaygay dhuke porsi ami vabsilam pc budget 26k,Negative,Neutral,0.6218387893903266,Other / manual review needed
9544,Sobey alochonai asar dandha,sobey alochonai asar dandha,Negative,Neutral,0.5180868175449721,Other / manual review needed
9571,Sob ee jodi valo hoi tahole kharb konta,sob ee jodi valo hoi tahole kharb konta,Negative,Neutral,0.541364557715358,Romanized spelling variation
9582,sms kenar jnno app ta rakhci.otherwise ata khub valo app na.,sms kenar jnno app ta rakhci otherwise ata khub valo app na,Negative,Positive,0.548556562976716,Negation
9602,Sir army apna school class korta chay,sir army apna school class korta chay,Negative,Positive,0.43265813268044,Other / manual review needed
9603,Sir apni question korechen taina,sir apni question korechen taina,Negative,Neutral,0.4741513368533697,Other / manual review needed
9604,"Sir apnar presentation ta ektu onno rokom korle valo hoy , bar bar content content bolle thik sunte valo lege na",sir apnar presentation ta ektu onno rokom korle valo hoy bar bar content content bolle thik sunte valo lege na,Negative,Mixed,0.36866633155149864,Negation
9607,Sir amra kew common payni rajshahi theke,sir amra kew common payni rajshahi theke,Negative,Neutral,0.3532990534258807,Other / manual review needed
9614,"Sir ,bangla dhaka board belase goalpo thaka sejonsel asane2",sir bangla dhaka board belase goalpo thaka sejonsel asane2,Negative,Neutral,0.3765669874783275,Other / manual review needed
9655,"Shob e thik chilo, but akhn toh dekhi 50taka send money korleo 5ta charge kaate. Ageh 500 er niche send money te charge kaato nah but akhn kaatese, emon takar khudartho apps r use korai valo.",shob e thik chilo but akhn toh dekhi 50taka send money korleo 5ta charge kaate ageh 500 er niche send money te charge kaato nah but akhn kaatese emon takar khudartho apps r use korai valo,Negative,Mixed,0.8853602478692885,Mixed or contrastive sentiment
9691,shalar bandorer putkio er te shundor,shalar bandorer putkio er te shundor,Negative,Positive,0.5431335706537277,Other / manual review needed
9752,"Samsung 990 pro 2t amazon theke purchase kori, then onk kahini shune ektu disappoint hoi. But amr unit check kore dekhi normal, pore janlam update er por problem fix hoise, tobe early user ra affected hoise, ekhon issues ni bollei chole, but taw, samsung er moto brand er theke emn expect kori na",samsung 990 pro 2t amazon theke purchase kori then onk kahini shune ektu disappoint hoi but amr unit check kore dekhi normal pore janlam update er por problem fix hoise tobe early user ra affected hoise ekhon issues ni bollei chole but taw samsung er moto brand er theke emn expect kori na,Negative,Mixed,0.7469817955147229,Negation
9824,Sadi to valoi hat calay valoi tipe tire dano 2 ta sei akar dise,sadi to valoi hat calay valoi tipe tire dano 2 ta sei akar dise,Negative,Positive,0.79411335161986,Other / manual review needed
9841,"Ryzen 5 5600g , rtx 3060 porjonto gpu add kora jabe. Ar apnra boltase gtx 1660 er opore gpu botalneck korbe",ryzen 5 5600g rtx 3060 porjonto gpu add kora jabe ar apnra boltase gtx 1660 er opore gpu botalneck korbe,Negative,Neutral,0.911356278279273,Other / manual review needed
9893,Regular price 700 Shapon khan er nam bolle 500 R jkhn ami Dhaka College bolmu tkhn 150 Kintu amr ruchi eto kharp na,regular price 700 shapon khan er nam bolle 500 r jkhn ami dhaka college bolmu tkhn 150 kintu amr ruchi eto kharp na,Negative,Mixed,0.3717499710577325,Negation
9894,Registration to 20crore kora koijon vaccine paise,registration to 20crore kora koijon vaccine paise,Negative,Neutral,0.4995641056696113,Other / manual review needed
9904,Redmi er monitor tar screen matt ei jonno meybe eirokom colour dekhai idk,redmi er monitor tar screen matt ei jonno meybe eirokom colour dekhai idk,Negative,Neutral,0.5946346534109467,Other / manual review needed
9915,Rater bela ki dakhaila apu shorir gorom kore dila toh,rater bela ki dakhaila apu shorir gorom kore dila toh,Negative,Neutral,0.45219130239680927,Other / manual review needed
9942,Rafsan the ChotoBhai er mal,rafsan the chotobhai er mal,Negative,Neutral,0.413920258456586,Other / manual review needed
9954,r jkn varot er bessha naiya der dkho  ora kub  vlo..j ja kore korte dau.nije vlo thko. Ok,r jkn varot er bessha naiya der dkho ora kub vlo j ja kore korte dau nije vlo thko ok,Negative,Positive,0.47502094797249106,Other / manual review needed
10012,Proti video te avg 3 sponsorship thakei,proti video te avg 3 sponsorship thakei,Negative,Neutral,0.4949320339337741,Other / manual review needed
10016,"pron star,, pro lite,",pron star pro lite,Negative,Neutral,0.5003358644464916,Other / manual review needed
10019,Prodan montir fasi cai,prodan montir fasi cai,Negative,Neutral,0.739009915614107,Other / manual review needed
10048,Price beshi laglo airport gular,price beshi laglo airport gular,Negative,Positive,0.294937790226016,Other / manual review needed
10088,"Poco,x2,x3,x3 pro, poco x4 pro,poco m2 pro,poco f3 gt. Shob model gula tei. Different issues ashsey. Motherboard deadcamera deadspeaker dead. Charging port damage. Plz boycott poco phones!",poco x2 x3 x3 pro poco x4 pro poco m2 pro poco f3 gt shob model gula tei different issues ashsey motherboard deadcamera deadspeaker dead charging port damage plz boycott poco phones,Negative,Neutral,0.5962274649014063,Other / manual review needed
10099,"Pixel er display camera just marattok kintu , hitting issue akhon thik korte pare nai pixel , abar 4k video 4mnt por off hoye jay , r normally game o khela jay na , onek hit ei jonno pixel r valo large na",pixel er display camera just marattok kintu hitting issue akhon thik korte pare nai pixel abar 4k video 4mnt por off hoye jay r normally game o khela jay na onek hit ei jonno pixel r valo large na,Negative,Mixed,0.6562203091167611,Negation
10102,"Piro sir banglalink netowark a anek somosha hoy,Ai Moulovi para idail Coching ar samne , khulnai, plz apnara jodi akta banglalink taor lagai den, tahola anek valo hoy, Amra banglalink bashi vabo ar kori ak to jodi lagai dita paren online class korte hoy to tai plz...",piro sir banglalink netowark a anek somosha hoy ai moulovi para idail coching ar samne khulnai plz apnara jodi akta banglalink taor lagai den tahola anek valo hoy amra banglalink bashi vabo ar kori ak to jodi lagai dita paren online class korte hoy to tai plz,Negative,Neutral,0.43972181055049697,Romanized spelling variation
10108,pichone to maal moshla valo e hoise,pichone to maal moshla valo e hoise,Negative,Positive,0.4687050637827885,Romanized spelling variation
10147,Pc bulider bangladesh facebook ekta showoff er jaga taa kono informative information pawa jai even taaraa je pc help and discussion group khulse setao bajhe response onek kom abar main group taaa dekhen meme plus showoff ar factory,pc bulider bangladesh facebook ekta showoff er jaga taa kono informative information pawa jai even taaraa je pc help and discussion group khulse setao bajhe response onek kom abar main group taaa dekhen meme plus showoff ar factory,Negative,Neutral,0.3199250768269309,Other / manual review needed
10156,"pat khete colo, jaba?",pat khete colo jaba,Negative,Neutral,0.5112422026591781,Other / manual review needed
10172,Papa ki pari ranna korle ja hoyy,papa ki pari ranna korle ja hoyy,Negative,Neutral,0.5105349016147558,Other / manual review needed
10190,pahar duto kub sundor,pahar duto kub sundor,Negative,Positive,0.8555601322271355,Other / manual review needed
10201,pabo na jene o korlam,pabo na jene o korlam,Negative,Neutral,0.4607980246783953,Negation
10221,Ossobbo meye akta sanay o valo ae meye theke,ossobbo meye akta sanay o valo ae meye theke,Negative,Positive,0.3936550959805993,Romanized spelling variation
10238,Oraimor sob gadget oi falto 3 mas pore oi nosto hoiya jay pore warranty te dile arro valo ta oo kharap kore dey ami nijei er proman amar oraimo riff earrantyte dichi pore akta valo chilo arekta nosto chilo ahon doita oi nosto ami kinchi 5 mas oo hobe na,oraimor sob gadget oi falto 3 mas pore oi nosto hoiya jay pore warranty te dile arro valo ta oo kharap kore dey ami nijei er proman amar oraimo riff earrantyte dichi pore akta valo chilo arekta nosto chilo ahon doita oi nosto ami kinchi 5 mas oo hobe na,Negative,Mixed,0.5220155680579668,Negation
10253,open hoite onk time laghe... valo internet howa shorte o huge time laghe open hoite.. faltu,open hoite onk time laghe valo internet howa shorte o huge time laghe open hoite faltu,Negative,Mixed,0.3847545817235426,Romanized spelling variation
10260,Onk valo sponsor video baje products er,onk valo sponsor video baje products er,Negative,Positive,0.5247876838845796,Romanized spelling variation
10270,Oneplus nord 3 niye vedio deiyen amara cant public schools er 300 jon subscriber opekha korse apnar vedio er,oneplus nord 3 niye vedio deiyen amara cant public schools er 300 jon subscriber opekha korse apnar vedio er,Negative,Neutral,0.3878385227591827,Negation
10271,Onekbar chesta korci pdf ase na,onekbar chesta korci pdf ase na,Negative,Neutral,0.5087296073867263,Negation
10304,Oida ajuha lekha vai ajuha v v v,oida ajuha lekha vai ajuha v v v,Negative,Neutral,0.4370888902935939,Other / manual review needed
10335,Official version ta kinte jae ami purai hotash,official version ta kinte jae ami purai hotash,Negative,Neutral,0.32251887283180847,Other / manual review needed
10416,Nijer khowa ta thik koro,nijer khowa ta thik koro,Negative,Neutral,0.3842174110027752,Other / manual review needed
10429,Nicher tola vara diben apu?,nicher tola vara diben apu,Negative,Neutral,0.5497526862590859,Other / manual review needed
10500,"Nana akta mother bord""""heteyr choker moddey kotta procrb korcey may be",nana akta mother bord heteyr choker moddey kotta procrb korcey may be,Negative,Neutral,0.40408103120642147,Other / manual review needed
10509,Naim amar heda khele,naim amar heda khele,Negative,Neutral,0.540717181990857,Other / manual review needed
10554,Mulsim hesaba poricoy dila o guna hoba.,mulsim hesaba poricoy dila o guna hoba,Negative,Neutral,0.5603442880098137,Other / manual review needed
10561,Msi vs walton tar den atar ke dekhte chaiche. This is not fair?,msi vs walton tar den atar ke dekhte chaiche this is not fair,Negative,Neutral,0.47844400059844683,Negation
10582,Mosjid comiti kemon achoda,mosjid comiti kemon achoda,Negative,Neutral,0.7815190014289936,Other / manual review needed
10617,Mistak 12 hour bole 22 dakhano hoicee,mistak 12 hour bole 22 dakhano hoicee,Negative,Neutral,0.5170705332100011,Other / manual review needed
10649,Mcq onek karap hoise,mcq onek karap hoise,Negative,Positive,0.3693197859730989,Other / manual review needed
10652,Mcq 11 er ans aita knoo,mcq 11 er ans aita knoo,Negative,Neutral,0.6970482237125765,Other / manual review needed
10701,Mam apnar gachar lau daban akta ami khub balo kai lau,mam apnar gachar lau daban akta ami khub balo kai lau,Negative,Positive,0.8006803537090751,Other / manual review needed
10717,Maje maje focus ta thik thake na akdom e. Asha kori ei dik ta kheal rakhben,maje maje focus ta thik thake na akdom e asha kori ei dik ta kheal rakhben,Negative,Mixed,0.38663022109388356,Negation
10742,Magiire lunge te lagtasa kemon,magiire lunge te lagtasa kemon,Negative,Neutral,0.6100754849836842,Other / manual review needed
10778,Maaf kortam kintu apology ta delete korso ken,maaf kortam kintu apology ta delete korso ken,Negative,Mixed,0.6239546174209334,Mixed or contrastive sentiment
10796,Lollipop size doesn’t matter Duration valo hoile holo,lollipop size doesn t matter duration valo hoile holo,Negative,Positive,0.3196109763175736,Romanized spelling variation
10819,Liton ke bangladesh times theke bad dile form fire asbe,liton ke bangladesh times theke bad dile form fire asbe,Negative,Neutral,0.42481092914001506,Other / manual review needed
10836,"Lg c1 55 oled paoa jabe at 229,000 taka with brand value of lg",lg c1 55 oled paoa jabe at 229 000 taka with brand value of lg,Negative,Neutral,0.4303335803310828,Other / manual review needed
10854,Last er joke ta baje chilo lol,last er joke ta baje chilo lol,Negative,Mixed,0.5364822746586566,Other / manual review needed
10966,Koi vai shudhu shuni apnara giveaway koren but know din pelam na,koi vai shudhu shuni apnara giveaway koren but know din pelam na,Negative,Mixed,0.40075583731453207,Negation
11012,Kintu taniya toh cudse ..,kintu taniya toh cudse,Negative,Mixed,0.8777875152518978,Mixed or contrastive sentiment
11032,Kichu comment dekhe mone hoche Bangladesh ta abar Pakistan hote choleche . Bcoz kichu Bangladeshi ache tara BD Thakleu nijeder k pakistani mone kore . Keo karor jonno valo korleo hingsa kore . Etai ki manobikotar porichoy ? Ora nijer dharmer adorsho keo mene cholena .,kichu comment dekhe mone hoche bangladesh ta abar pakistan hote choleche bcoz kichu bangladeshi ache tara bd thakleu nijeder k pakistani mone kore keo karor jonno valo korleo hingsa kore etai ki manobikotar porichoy ora nijer dharmer adorsho keo mene cholena,Negative,Mixed,0.330391645737531,Romanized spelling variation
11085,Khub sundor! eto kom takai khabar bhaba jayena!,khub sundor eto kom takai khabar bhaba jayena,Negative,Positive,0.7744006889287804,Other / manual review needed
11175,Khabarer plate ta move na koreo dish ta present kora jay. Disgusting lge just. Parle ovves ta bodlan dada,khabarer plate ta move na koreo dish ta present kora jay disgusting lge just parle ovves ta bodlan dada,Negative,Neutral,0.31732220978619113,Negation
11206,Kamla gula Dhakay aisha ki shuru korlo,kamla gula dhakay aisha ki shuru korlo,Negative,Neutral,0.5041300134306794,Other / manual review needed
11333,Its fake. Orginal in chuknagar khulna,its fake orginal in chuknagar khulna,Negative,Neutral,0.367283016404991,Other / manual review needed
11334,it's tukai khan blogs !,it's tukai khan blogs,Negative,Neutral,0.36812055725994947,Other / manual review needed
11337,Ips ki nah amoled ta bolan ni,ips ki nah amoled ta bolan ni,Negative,Neutral,0.5253306756692071,Other / manual review needed
11379,Illegal game er abar esports,illegal game er abar esports,Negative,Neutral,0.42117449108790006,Other / manual review needed
11405,Huawei te wifi problem hoi aita age shob phone hoice. Ami huawei r 2ta phone used korce,huawei te wifi problem hoi aita age shob phone hoice ami huawei r 2ta phone used korce,Negative,Neutral,0.33905273883747933,Other / manual review needed
11411,Hotath rait biraite video dewar upodrob,hotath rait biraite video dewar upodrob,Negative,Neutral,0.3452607273134878,Other / manual review needed
11436,Hm.kochi dab khete valo.sathe pabe sash.korbe hridoy elomelo,hm kochi dab khete valo sathe pabe sash korbe hridoy elomelo,Negative,Positive,0.6225332089973489,Romanized spelling variation
11444,Hijab shirt pant? wah ki porda,hijab shirt pant wah ki porda,Negative,Neutral,0.4982885644253786,Other / manual review needed
11447,Hijab jahatu poro apu properly poro...bcz akon javabe poro aita hijab k opoman kora hoy...,hijab jahatu poro apu properly poro bcz akon javabe poro aita hijab k opoman kora hoy,Negative,Neutral,0.44274449891060774,Other / manual review needed
11459,heerok rajar deshe thaki jekhane vaccine only 45 lakhs jeta pabe 22 lakhs people,heerok rajar deshe thaki jekhane vaccine only 45 lakhs jeta pabe 22 lakhs people,Negative,Positive,0.36617068242987927,Other / manual review needed
11542,Greavy item gulo avoid kora ta e better too much oil ache dekhchi nit healthy at all ektu kom oil use korle better,greavy item gulo avoid kora ta e better too much oil ache dekhchi nit healthy at all ektu kom oil use korle better,Negative,Mixed,0.3695916083668305,Other / manual review needed
11553,"GP 1000 sms only 38tk, but airtel 1000 sms 86tk from aps, why is deferent so far? If you do not reduce high price of sms, I will stop using airtel for this reason.",gp 1000 sms only 38tk but airtel 1000 sms 86tk from aps why is deferent so far if you do not reduce high price of sms i will stop using airtel for this reason,Negative,Mixed,0.4779135560992585,Negation
11554,Goto review dekhe walton nia aslam. Ekhon boltesen vanga company,goto review dekhe walton nia aslam ekhon boltesen vanga company,Negative,Positive,0.38796496155916704,Other / manual review needed
11576,Golder jilapi is not worth it,golder jilapi is not worth it,Negative,Positive,0.32181143937989554,Negation
11642,Food gulo r o besi kore show korle valo hoe. Kotha bolar somoe food ta dakha66en na kano?,food gulo r o besi kore show korle valo hoe kotha bolar somoe food ta dakha66en na kano,Negative,Mixed,0.3136380894061,Negation
11706,Faltu Update. ager tai valo chilo. New update a call list bujha jainah. & contact name ashe nah,faltu update ager tai valo chilo new update a call list bujha jainah contact name ashe nah,Negative,Mixed,0.734331229234449,Romanized spelling variation
11822,Falto update...kon damray korce ata....ekdom 1st app ta e valo cilo.......,falto update kon damray korce ata ekdom 1st app ta e valo cilo,Negative,Mixed,0.7339768529465469,Romanized spelling variation
11867,"Ey cehra niye miss Universal haire chok haire surut,,,,,, reee",ey cehra niye miss universal haire chok haire surut reee,Negative,Neutral,0.3992060908871148,Other / manual review needed
11891,Eto price hole kivabe kinbo vai? nije baniye nile o to er theke onk kom porbe,eto price hole kivabe kinbo vai nije baniye nile o to er theke onk kom porbe,Negative,Neutral,0.31684230965737975,Other / manual review needed
11932,Eta khubi kharap ekta app ager ta valo cilo,eta khubi kharap ekta app ager ta valo cilo,Negative,Mixed,0.7249036220535119,Romanized spelling variation
11934,eta hat...ami vabsilam murgir theng,eta hat ami vabsilam murgir theng,Negative,Neutral,0.4285707156214245,Other / manual review needed
11937,Eta dekhi amago dcl laptop er copy xd,eta dekhi amago dcl laptop er copy xd,Negative,Neutral,0.4197427030315542,Other / manual review needed
11960,Er theke marmade resort 10x better,er theke marmade resort 10x better,Negative,Mixed,0.5150532124445236,Other / manual review needed
11961,Er thake samphony z 60 plus hajar gun e vlo,er thake samphony z 60 plus hajar gun e vlo,Negative,Positive,0.31699543635890587,Other / manual review needed
11963,Er problem ta ki every friday er pic daoa laga kano er purpose ta asola ki,er problem ta ki every friday er pic daoa laga kano er purpose ta asola ki,Negative,Neutral,0.5667848696521548,Other / manual review needed
11971,Er dheke checkbox onek valo,er dheke checkbox onek valo,Negative,Positive,0.8691928302875563,Romanized spelling variation
11982,Energy ta aktu kom laglo sir. Asol subhro banerjee ke dekhte pelm na. Oi hasi ta miss krlm,energy ta aktu kom laglo sir asol subhro banerjee ke dekhte pelm na oi hasi ta miss krlm,Negative,Mixed,0.3270751553046528,Negation
11994,Ektuo valo noy sim ta,ektuo valo noy sim ta,Negative,Positive,0.31282351517784074,Romanized spelling variation
12065,Eita theke samsung watch much better,eita theke samsung watch much better,Negative,Neutral,0.5420657547647317,Other / manual review needed
12087,Ei virson ta akdom valo hoi ni agerta beshi valo chilo ami request korchi jate ager moto abar kore den tate amader onek upokar hobe. thank you !,ei virson ta akdom valo hoi ni agerta beshi valo chilo ami request korchi jate ager moto abar kore den tate amader onek upokar hobe thank you,Negative,Mixed,0.5637626853344806,Romanized spelling variation
12089,Ei vdo er khetre hoyto noy kintu gypsy bong o kintu khanik ta baki food reviewer er moto hoy jchhe j sob vlohoyto setai demand kore kina jni na,ei vdo er khetre hoyto noy kintu gypsy bong o kintu khanik ta baki food reviewer er moto hoy jchhe j sob vlohoyto setai demand kore kina jni na,Negative,Mixed,0.7501463077743993,Negation
12105,Ei rokom hot pic aro chai,ei rokom hot pic aro chai,Negative,Neutral,0.40438380142827135,Other / manual review needed
12110,Ei post dekhar por pasay kompass dhukaisi,ei post dekhar por pasay kompass dhukaisi,Negative,Positive,0.39485800362545853,Other / manual review needed
12111,Ei phoner thaka realme 10 onek valo same price. Display amoled charger 33w camera er thaka onek better. Proccecor same but realmi ui onek valo etr thaka. Battry backup o valo,ei phoner thaka realme 10 onek valo same price display amoled charger 33w camera er thaka onek better proccecor same but realmi ui onek valo etr thaka battry backup o valo,Negative,Mixed,0.7921279959293331,Mixed or contrastive sentiment
12119,Ei mouse ta kon dik thake sundor lagse apnar bhai? chok ki thik ase naki gese?,ei mouse ta kon dik thake sundor lagse apnar bhai chok ki thik ase naki gese,Negative,Neutral,0.3397669854699556,Other / manual review needed
12179,Editor vai.....tumi ashole akta bolodcuda.....onnoke kivabe down kora jai...sey cintai thako....abal cudar vuda tumi akta,editor vai tumi ashole akta bolodcuda onnoke kivabe down kora jai sey cintai thako abal cudar vuda tumi akta,Negative,Neutral,0.44281492036275083,Other / manual review needed
12197,"Dwnld kore OTP code er jonno number likle bole, This is not a BL number, ei fazlamor mane ki, solution ki?",dwnld kore otp code er jonno number likle bole this is not a bl number ei fazlamor mane ki solution ki,Negative,Neutral,0.4753956949678667,Negation
12225,Dui ekta invitation chara video banan gro korben taratari choto hoa gyan dea dilam sorry,dui ekta invitation chara video banan gro korben taratari choto hoa gyan dea dilam sorry,Negative,Neutral,0.5362220113401774,Other / manual review needed
12310,"Dhoner phone, selfie camera position side dea usit",dhoner phone selfie camera position side dea usit,Negative,Neutral,0.3440316704611903,Other / manual review needed
12318,Dhakar bhaire ki shob e gram? 052,dhakar bhaire ki shob e gram 052,Negative,Neutral,0.35369761472658834,Other / manual review needed
12328,"Dhaka bord a matro 8 ta common porse, apnader one short theke",dhaka bord a matro 8 ta common porse apnader one short theke,Negative,Neutral,0.3440200673545233,Other / manual review needed
12381,"Dear Bkash vaia, Amra to jani j Add show hoy jeiii app gula amader kasr thake nh... But amr ase.. So why you showing this to me? still Add dekhacce .... Rat a ghumiye asi... Phn r screan on r Add start.. Sometimes ami nij e voy pai.. Bolo tumi e aye problem r satha vlobasha hbe nki prblm hbe beshi aro",dear bkash vaia amra to jani j add show hoy jeiii app gula amader kasr thake nh but amr ase so why you showing this to me still add dekhacce rat a ghumiye asi phn r screan on r add start sometimes ami nij e voy pai bolo tumi e aye problem r satha vlobasha hbe nki prblm hbe beshi aro,Negative,Mixed,0.31973986785800756,Mixed or contrastive sentiment
12391,"Darun lagcha , joriya dhorta icha korcha",darun lagcha joriya dhorta icha korcha,Negative,Positive,0.6463825459326923,Other / manual review needed
12398,danda akto beshi kor chilo to tai...,danda akto beshi kor chilo to tai,Negative,Mixed,0.512394470233734,Other / manual review needed
12400,"Damta age janai dilei sobai palai jaito. 25,000tk er ghorir sathe 10takar smartphone er compare kortese bolod. Amar 20tk er phone er theke onk valo",damta age janai dilei sobai palai jaito 25 000tk er ghorir sathe 10takar smartphone er compare kortese bolod amar 20tk er phone er theke onk valo,Negative,Mixed,0.41597848155255046,Romanized spelling variation
12448,Create us ki mula dhoray dise nki apnare zaman vai,create us ki mula dhoray dise nki apnare zaman vai,Negative,Neutral,0.6765541608746686,Other / manual review needed
12464,Comparison? lol. Tarpor ki ashbe? chattogram mezbaan vs dhaka mezbaan? dhaka is just a shithole jekhane different city er food variety ene badly represent kora hoy,comparison lol tarpor ki ashbe chattogram mezbaan vs dhaka mezbaan dhaka is just a shithole jekhane different city er food variety ene badly represent kora hoy,Negative,Neutral,0.44110732403050223,Other / manual review needed
12470,Comments kore ki lave giveaway paina,comments kore ki lave giveaway paina,Negative,Neutral,0.42439138130457676,Other / manual review needed
12472,Comment kore ki ar gift paoya jai age jantam na ar janleo ki hoto amar vhaggo ato vhalo na je ami karo kas theke gift pabo,comment kore ki ar gift paoya jai age jantam na ar janleo ki hoto amar vhaggo ato vhalo na je ami karo kas theke gift pabo,Negative,Neutral,0.4097801361287153,Negation
12547,Charge besi. Ar sa nagad balo.,charge besi ar sa nagad balo,Negative,Neutral,0.34136316183224713,Other / manual review needed
12553,Chamcha ashse chamchami korte,chamcha ashse chamchami korte,Negative,Neutral,0.40751902328297246,Other / manual review needed
12575,Camera valo hole niya nitam,camera valo hole niya nitam,Negative,Mixed,0.5643965866501,Romanized spelling variation
12588,Camer aangle is kinda weird,camer aangle is kinda weird,Negative,Positive,0.34866846695869025,Other / manual review needed
12641,Bro Apnr id card ta kiser jati jante chai eto khet id koi theke paan,bro apnr id card ta kiser jati jante chai eto khet id koi theke paan,Negative,Neutral,0.43100471036834787,Other / manual review needed
12705,"Bkash er kaj e valo na ,,,,taka aica password dilam tarpor o password lock kore dilo ,,account a amar taka ace akhon kivabe nibo vabci,,,I don't like Bkash anymore. First time I like it but it breaks my heart...",bkash er kaj e valo na taka aica password dilam tarpor o password lock kore dilo account a amar taka ace akhon kivabe nibo vabci i don't like bkash anymore first time i like it but it breaks my heart,Negative,Mixed,0.6735340039738389,Negation
12731,Binoy ta ek2 barabari laglo. Eto khoma prarthona na korleo kichu esejetona,binoy ta ek2 barabari laglo eto khoma prarthona na korleo kichu esejetona,Negative,Mixed,0.4026583267860698,Negation
12740,Bichi lock kora match,bichi lock kora match,Negative,Neutral,0.4314702633943407,Other / manual review needed
12759,Bhaire thumbnail ta eto clickbait chilo ki bolbo ar,bhaire thumbnail ta eto clickbait chilo ki bolbo ar,Negative,Mixed,0.3015716368409076,Other / manual review needed
12777,Bhai tomar naked pic dheklam shei din,bhai tomar naked pic dheklam shei din,Negative,Positive,0.5956666932913773,Other / manual review needed
12794,Bhai pls pls pls aske e giveaway er result ta de ami protidin opekkha kori kintu ashe na,bhai pls pls pls aske e giveaway er result ta de ami protidin opekkha kori kintu ashe na,Negative,Neutral,0.4703273586213568,Negation
12820,Bhai ei apu der teke amr nach onk valoi ache,bhai ei apu der teke amr nach onk valoi ache,Negative,Positive,0.7700417031301324,Other / manual review needed
12851,"Bhai , model number bhul likhsen",bhai model number bhul likhsen,Negative,Neutral,0.5735059933932691,Other / manual review needed
12915,"Barishal board er mcq question onek hard hoise, ami khub e hotash, exam valo hoy nai",barishal board er mcq question onek hard hoise ami khub e hotash exam valo hoy nai,Negative,Mixed,0.5550039229791957,Negation
12946,Bangladeshar best fuck girl,bangladeshar best fuck girl,Negative,Positive,0.5880985840302212,Other / manual review needed
12958,Bangladesh er team ta hard kora dorkar,bangladesh er team ta hard kora dorkar,Negative,Neutral,0.6088282934322736,Other / manual review needed
12980,"Bangladesh a sobai zeed z bole. R north america te sobai zee z bole, not zeed z. So, its zee z flip",bangladesh a sobai zeed z bole r north america te sobai zee z bole not zeed z so its zee z flip,Negative,Neutral,0.38008442045401136,Negation
12987,Bangladesh 2023 bisso cup jita chad joy korar soman,bangladesh 2023 bisso cup jita chad joy korar soman,Negative,Neutral,0.3978073497312591,Other / manual review needed
12990,Bangla first paper er question er khela hoise ajke barishal board a,bangla first paper er question er khela hoise ajke barishal board a,Negative,Positive,0.30159885619716653,Other / manual review needed
13112,Bai pabo na jani,bai pabo na jani,Negative,Neutral,0.5808985141079758,Negation
13143,Baby tmr pacata sei,baby tmr pacata sei,Negative,Positive,0.613756951181015,Other / manual review needed
13190,Ay pc ta e amar dream pc. Ja amar kono din e hobe,ay pc ta e amar dream pc ja amar kono din e hobe,Negative,Neutral,0.3667242688496184,Other / manual review needed
13199,Aw da doctor najeeb awlada,aw da doctor najeeb awlada,Negative,Neutral,0.36389301828766973,Other / manual review needed
13344,Aro 20kg komano  dorkar apnr.,aro 20kg komano dorkar apnr,Negative,Neutral,0.4204752524794501,Other / manual review needed
13373,"Ar ki chai, oij daab gula sudu",ar ki chai oij daab gula sudu,Negative,Neutral,0.6454665566490261,Other / manual review needed
13381,Ar bhenge dile ki hobe  dorza khuolbo toh,ar bhenge dile ki hobe dorza khuolbo toh,Negative,Neutral,0.5408418025539341,Other / manual review needed
13411,Apu seaweed soup ta amra try korsi kemon ekta smell chilo,apu seaweed soup ta amra try korsi kemon ekta smell chilo,Negative,Mixed,0.37907913832676177,Other / manual review needed
13426,Apu ki osustho naki?,apu ki osustho naki,Negative,Neutral,0.5716074202705209,Other / manual review needed
13431,Apu faridpur asla janaila na khub karaop laglo,apu faridpur asla janaila na khub karaop laglo,Negative,Mixed,0.3891259363949397,Negation
13443,apu apnr iphone theke apnar football e beshi chokhe portese,apu apnr iphone theke apnar football e beshi chokhe portese,Negative,Positive,0.35347752536247806,Other / manual review needed
13522,Apni ko proti video te faste t shirt sponsor koren,apni ko proti video te faste t shirt sponsor koren,Negative,Neutral,0.5761225855448778,Other / manual review needed
13539,Apnee khulna j ee. Cui jal ta keyesen seta holo cui jailer proper dal ta pai naaa meat ar modde tai test bujtee paren neee,apnee khulna j ee cui jal ta keyesen seta holo cui jailer proper dal ta pai naaa meat ar modde tai test bujtee paren neee,Negative,Neutral,0.3620620668855949,Other / manual review needed
13550,Apnara shodhu science er course den commerce er ki hobe,apnara shodhu science er course den commerce er ki hobe,Negative,Neutral,0.7346164989330091,Other / manual review needed
13575,apnar id ta ghure dekhlam. apnio ekj gay,apnar id ta ghure dekhlam apnio ekj gay,Negative,Positive,0.3482911094073299,Other / manual review needed
13640,Apa apnr room ta onk nognra,apa apnr room ta onk nognra,Negative,Positive,0.6285080314989323,Other / manual review needed
13647,Anker ar airports golai josss but bajet akto bashey monay huisy amar kasey,anker ar airports golai josss but bajet akto bashey monay huisy amar kasey,Negative,Mixed,0.5406518368237863,Mixed or contrastive sentiment
13674,Amr mote er theke baje rezala r hote pare na. 34 mas age gechilm prothom bite thekei kharap lagchilo vison kintu tao vabchilm vul korchi hoyto kintu tritio bite obdhi khaoar por just bomi ese gcher nite pari nijni na hoyto ami e vul ba hoyto kharap k kharap bolte vule jchhe sobai nostalgiar karone,amr mote er theke baje rezala r hote pare na 34 mas age gechilm prothom bite thekei kharap lagchilo vison kintu tao vabchilm vul korchi hoyto kintu tritio bite obdhi khaoar por just bomi ese gcher nite pari nijni na hoyto ami e vul ba hoyto kharap k kharap bolte vule jchhe sobai nostalgiar karone,Negative,Mixed,0.589734695059945,Negation
13701,Amoled display hole vlo hto,amoled display hole vlo hto,Negative,Neutral,0.47532477468918194,Other / manual review needed
13703,Amne k kotha koi vai,amne k kotha koi vai,Negative,Neutral,0.6039746710849522,Other / manual review needed
13712,"Ami youtube korta chai but amak kaw support kora na, khov kosto lage",ami youtube korta chai but amak kaw support kora na khov kosto lage,Negative,Mixed,0.5722333217356655,Negation
13716,Ami tomar voda khete cai karon dekhley khudalage,ami tomar voda khete cai karon dekhley khudalage,Negative,Positive,0.3772873769895119,Other / manual review needed
13728,Ami to aolos tai koto diye bechben ?,ami to aolos tai koto diye bechben,Negative,Neutral,0.4631288971843661,Other / manual review needed
13746,Ami pabo na vai,ami pabo na vai,Negative,Neutral,0.7394808059347308,Negation
13748,Ami onek gulote ongsogrohon korechi but kono love hoyni,ami onek gulote ongsogrohon korechi but kono love hoyni,Negative,Mixed,0.6427777276088426,Mixed or contrastive sentiment
13763,Ami ki onno video dekhsilam j 5 ta matro common porse paribhashik,ami ki onno video dekhsilam j 5 ta matro common porse paribhashik,Negative,Neutral,0.3621400121164832,Other / manual review needed
13783,Ami easyly dhukte parbo by copying key card finger brute 2 tai vulnerable,ami easyly dhukte parbo by copying key card finger brute 2 tai vulnerable,Negative,Neutral,0.4851652310329491,Other / manual review needed
13799,Ami apnader fromta puron korte parchina,ami apnader fromta puron korte parchina,Negative,Neutral,0.340803233480117,Other / manual review needed
13813,Amd 7000 series processor nile thik hoito,amd 7000 series processor nile thik hoito,Negative,Neutral,0.6461212247776528,Other / manual review needed
13819,Amar valo lage ni phone ta,amar valo lage ni phone ta,Negative,Positive,0.6777404512540502,Romanized spelling variation
13823,amar vaccine koi,amar vaccine koi,Negative,Neutral,0.8126610212443172,Very short text
13825,Amar ta khub kharap hoyse vaiya exam,amar ta khub kharap hoyse vaiya exam,Negative,Mixed,0.4237046113695883,Romanized spelling variation
13834,Amar r sirer live cls kora hobe na,amar r sirer live cls kora hobe na,Negative,Neutral,0.6634082888507344,Negation
13845,Amar moto ke ke boka hoichen loop video dekhe?,amar moto ke ke boka hoichen loop video dekhe,Negative,Positive,0.4008422952912826,Other / manual review needed
13859,amar kaca valo laga na...onon bijas no da kola galab He ve had no way to be the same time of his son is no way to a few years of his its most recent past the same day of a few days of his son in an a few years in an election end of a few years of a few kg of on a few kg on in the a kg few years days of in an a kg few years days in to be get a Tk per day the US same time in the an election,amar kaca valo laga na onon bijas no da kola galab he ve had no way to be the same time of his son is no way to a few years of his its most recent past the same day of a few days of his son in an a few years in an election end of a few years of a few kg of on a few kg on in the a kg few years days of in an a kg few years days in to be get a tk per day the us same time in the an election,Negative,Positive,0.3287418257094571,Negation
13894,Amar 1st part mcq onak karap hoicaami onak diprason a cila gaci,amar 1st part mcq onak karap hoicaami onak diprason a cila gaci,Negative,Positive,0.35446700420641286,Other / manual review needed
13921,Alibaba te 50 e pawa jacche. Seta bd te ene 14k kore fello,alibaba te 50 e pawa jacche seta bd te ene 14k kore fello,Negative,Neutral,0.38617289814404165,Other / manual review needed
13944,Akta kiss korbo tomar Navi te,akta kiss korbo tomar navi te,Negative,Neutral,0.36540975172085804,Other / manual review needed
13952,Akhon o rx 7600 r review aslona,akhon o rx 7600 r review aslona,Negative,Neutral,0.5470844475984181,Other / manual review needed
13989,Ajob app..ami 38tk 4GB nicchi but ashtese na...,ajob app ami 38tk 4gb nicchi but ashtese na,Negative,Mixed,0.6630184655363401,Negation
14075,Aircooler dekhe video ta dekhar iccha hocchilo na,aircooler dekhe video ta dekhar iccha hocchilo na,Negative,Positive,0.44249710730885866,Negation
14131,Ai halare anse kon dukhhe te bujlmna,ai halare anse kon dukhhe te bujlmna,Negative,Neutral,0.7313759413800421,Other / manual review needed
14166,Agulu bul Amader morsider Samone keno mondir hobe,agulu bul amader morsider samone keno mondir hobe,Negative,Neutral,0.47270344894018496,Other / manual review needed
14177,Ager tomer video valo lagto but akhon jani valo lage na,ager tomer video valo lagto but akhon jani valo lage na,Negative,Mixed,0.8716744165601222,Negation
14208,Actually ototau valo na Robi net speed ay khane onektai high onno operator ar theke But MB ar dam onek bashi Banglalink ay theke onek bashi MB dei kom tk te MB ar dam komano ucit,actually ototau valo na robi net speed ay khane onektai high onno operator ar theke but mb ar dam onek bashi banglalink ay theke onek bashi mb dei kom tk te mb ar dam komano ucit,Negative,Mixed,0.529139853811439,Negation
14236,Aare vai offer kinte geleu jodi net laage tahole kamne hobe.Aage to offer kinte hobe nahole net kamne pabo ai system ta change koren vai Tahole ami 5 star e ditam kanona offer khub valo,aare vai offer kinte geleu jodi net laage tahole kamne hobe aage to offer kinte hobe nahole net kamne pabo ai system ta change koren vai tahole ami 5 star e ditam kanona offer khub valo,Negative,Neutral,0.525402439939521,Romanized spelling variation
14260,8tarik pc built korci but amake game deini amon kno korlen amar shathe,8tarik pc built korci but amake game deini amon kno korlen amar shathe,Negative,Mixed,0.47538517094694266,Mixed or contrastive sentiment
14264,84k te budget sholpo kibhabe?,84k te budget sholpo kibhabe,Negative,Neutral,0.3769766038212725,Other / manual review needed
14265,812 taste ki chok diye korben naki jihbbha diye korben,812 taste ki chok diye korben naki jihbbha diye korben,Negative,Neutral,0.6026752521319783,Other / manual review needed
14266,77k diye eta neyar theke 62k diye s23 unofficial neya valo,77k diye eta neyar theke 62k diye s23 unofficial neya valo,Negative,Neutral,0.3805027093500292,Romanized spelling variation
14267,76k price diye market e onk valo option ase,76k price diye market e onk valo option ase,Negative,Mixed,0.3986352534503947,Romanized spelling variation
14284,5tar moddhe 4ta restaurant over hyped. Khabar joghonno. Accha ey meye video banale emon ajaira video keno banai vai?,5tar moddhe 4ta restaurant over hyped khabar joghonno accha ey meye video banale emon ajaira video keno banai vai,Negative,Neutral,0.5599294862897063,Other / manual review needed
14331,"39. 5k diye 12256 redmi note 12 pro plus phone ta newa kmn hobe vai. Onno kono suggestion thakle diben. Ami avg game play kori. Pubg kheli na. Music, media consumption beshi kori camera preference pabe",39 5k diye 12256 redmi note 12 pro plus phone ta newa kmn hobe vai onno kono suggestion thakle diben ami avg game play kori pubg kheli na music media consumption beshi kori camera preference pabe,Negative,Neutral,0.7076907918576514,Negation
14336,"34 mnth age dile ki hoito,",34 mnth age dile ki hoito,Negative,Neutral,0.6936703006601765,Other / manual review needed
14390,2 ta tei gace but pansi khabar er man vlo na r dam o onk base.,2 ta tei gace but pansi khabar er man vlo na r dam o onk base,Negative,Mixed,0.6679406360507256,Negation
14443,10 ta comment korci vai please ektu dkhn bisoy ta akta video asa korteci,10 ta comment korci vai please ektu dkhn bisoy ta akta video asa korteci,Negative,Neutral,0.6332947193706524,Other / manual review needed
14490,Value top value for money always akhn value top er kisu use kori na but 2007 a ekta case kinsi akhn thik switch usb port ok,value top value for money always akhn value top er kisu use kori na but 2007 a ekta case kinsi akhn thik switch usb port ok,Positive,Mixed,0.5204043450658743,Negation
14491,"Value top er psu 3y dore use korsi, valui chole gorib er jonno",value top er psu 3y dore use korsi valui chole gorib er jonno,Positive,Neutral,0.4945014331436324,Other / manual review needed
14501,Tushar ar emon chhara ochol apnader review dekhte mone chaynah review shudhu tushar vai ar emon vai re diya koraben please,tushar ar emon chhara ochol apnader review dekhte mone chaynah review shudhu tushar vai ar emon vai re diya koraben please,Positive,Neutral,0.5638124591241652,Other / manual review needed
14505,"Tmi akta pis salman bro, Are tomar moto lok der akmatro Bangladesh a e pawa jabe",tmi akta pis salman bro are tomar moto lok der akmatro bangladesh a e pawa jabe,Positive,Negative,0.3342477942139481,Other / manual review needed
14506,"Thats good, phone review regular diben, but try korben comparison video korte. Bangladesh e comparison video kew kore na",thats good phone review regular diben but try korben comparison video korte bangladesh e comparison video kew kore na,Positive,Mixed,0.44851453358976284,Negation
14536,Yooo giveaway hote jacche,yooo giveaway hote jacche,Positive,Neutral,0.5252608563749206,Other / manual review needed
14560,Wowshundor ekta post. shob maa bon der eta jana dorkar,wowshundor ekta post shob maa bon der eta jana dorkar,Positive,Negative,0.6434400657428294,Other / manual review needed
14585,Wow 7 minutes age video diso r ami atto taratari deke fellam,wow 7 minutes age video diso r ami atto taratari deke fellam,Positive,Neutral,0.37847947425721334,Other / manual review needed
14625,Walton s7 pro bd te budget er moddhe wireless charging er shobidha dise,walton s7 pro bd te budget er moddhe wireless charging er shobidha dise,Positive,Neutral,0.6983711498099965,Other / manual review needed
14683,Waisy lanat h bng team,waisy lanat h bng team,Positive,Negative,0.33828593017614206,Other / manual review needed
14704,vlo.. aro update kore 100 mb+ kore felau,vlo aro update kore 100 mb kore felau,Positive,Mixed,0.3598467731281814,Other / manual review needed
14745,Video dekhe amr ager diner memory mone portese life e first phone cilo button r first touch cilo iphone 4s ki din gula j cilo,video dekhe amr ager diner memory mone portese life e first phone cilo button r first touch cilo iphone 4s ki din gula j cilo,Positive,Mixed,0.3506770986320071,Other / manual review needed
14759,Vhia under 1500 taka best rgb keyboard mouse ar review koran plz plz,vhia under 1500 taka best rgb keyboard mouse ar review koran plz plz,Positive,Neutral,0.7998815494022636,Other / manual review needed
14762,Vhai thik khota bolchen,vhai thik khota bolchen,Positive,Neutral,0.35660414752605335,Other / manual review needed
14779,Vatiari gaan mone hocche bhaloi,vatiari gaan mone hocche bhaloi,Positive,Negative,0.44367857692371476,Other / manual review needed
14846,valo laglo tobe aro valo lagbe jodi eta sarthok hoy,valo laglo tobe aro valo lagbe jodi eta sarthok hoy,Positive,Mixed,0.6633406523293061,Mixed or contrastive sentiment
14867,Valo kono offer e thake nah,valo kono offer e thake nah,Positive,Negative,0.766858940273874,Romanized spelling variation
14927,Vaiya geography class plz,vaiya geography class plz,Positive,Neutral,0.6649419951430189,Other / manual review needed
14982,Vaia jashore bord ar question onak sohoz asca,vaia jashore bord ar question onak sohoz asca,Positive,Neutral,0.6093351352142792,Other / manual review needed
15002,Vai xiaomi monitor purai faltu keu nien nh g24 niyechilam xioami er ajk 1mnth jabot warranty replace kore dey nh emnei nshtw ta chalacci bole stck nei ashle dibe,vai xiaomi monitor purai faltu keu nien nh g24 niyechilam xioami er ajk 1mnth jabot warranty replace kore dey nh emnei nshtw ta chalacci bole stck nei ashle dibe,Positive,Negative,0.6840939343527035,Negation
15007,"Vai valo lagche vidio ta, kintu mobail kinar mto taka na",vai valo lagche vidio ta kintu mobail kinar mto taka na,Positive,Mixed,0.5047580810625226,Negation
15008,Vai valo kora re sunte parchi,vai valo kora re sunte parchi,Positive,Neutral,0.38527608242577516,Romanized spelling variation
15073,Vai egpu niye ekta video dile better hoy. Ashole pc kinar taka nai tai laptop e external 1nd hand gpu lagabo. Ssc exam sesh hoile korbo inshaallah,vai egpu niye ekta video dile better hoy ashole pc kinar taka nai tai laptop e external 1nd hand gpu lagabo ssc exam sesh hoile korbo inshaallah,Positive,Neutral,0.6302824264299222,Negation
15075,Vai desh ar baire theke ante chai dam o kom amar jonno bhalo hoy,vai desh ar baire theke ante chai dam o kom amar jonno bhalo hoy,Positive,Neutral,0.41548410154680016,Romanized spelling variation
15077,Vai biye korchen nki! video k korlo!,vai biye korchen nki video k korlo,Positive,Neutral,0.5335988014798174,Other / manual review needed
15084,Vai appni akta jinis maire,vai appni akta jinis maire,Positive,Negative,0.47902276764960017,Other / manual review needed
15089,Vai apni jai prince cot porcen manaice apnk,vai apni jai prince cot porcen manaice apnk,Positive,Neutral,0.37131567087225176,Other / manual review needed
15091,Vai apni bangladesh team join koren apni valo leg spain valo koren,vai apni bangladesh team join koren apni valo leg spain valo koren,Positive,Neutral,0.5080209686228664,Romanized spelling variation
15154,Vai amar barita a6a,vai amar barita a6a,Positive,Neutral,0.6185403508688782,Other / manual review needed
15158,Vai ai video ta baniyecen amer onke ipoar hoye6e,vai ai video ta baniyecen amer onke ipoar hoye6e,Positive,Neutral,0.5234849677374869,Other / manual review needed
15178,Vaccine deyar por scl college khule dibe,vaccine deyar por scl college khule dibe,Positive,Neutral,0.5030642230941911,Other / manual review needed
15179,vaccine dete hobe,vaccine dete hobe,Positive,Neutral,0.6889366859515975,Very short text
15184,Using huwawei y9 2019 ekhno 100 100 performance 464 2019 shale mane onek chilo ekhno ei phn diye bhorpur game kheli performance ekhno greatttttttttttttt koraaaaaaaaaaaaaaaaaaaaaaaa,using huwawei y9 2019 ekhno 100 100 performance 464 2019 shale mane onek chilo ekhno ei phn diye bhorpur game kheli performance ekhno greatttttttttttttt koraaaaaaaaaaaaaaaaaaaaaaaa,Positive,Mixed,0.3707184563177547,Other / manual review needed
15257,Tumi e toh amader mezban. Satti tumi e koli juger harish chandra,tumi e toh amader mezban satti tumi e koli juger harish chandra,Positive,Negative,0.4475386750212651,Other / manual review needed
15258,tumi dekhte Dana kata pori,tumi dekhte dana kata pori,Positive,Negative,0.4769099118217308,Other / manual review needed
15363,Tmke jahangir nagar invite korlam aikhne vorta vat kheye deikho,tmke jahangir nagar invite korlam aikhne vorta vat kheye deikho,Positive,Negative,0.3117279761890908,Other / manual review needed
15380,Timing ta days ta ektu bolle valo hoto. By the way love your videos,timing ta days ta ektu bolle valo hoto by the way love your videos,Positive,Neutral,0.37359429031933844,Romanized spelling variation
15389,Thriller movie er trailer dekhlam mone hocche,thriller movie er trailer dekhlam mone hocche,Positive,Negative,0.44726394766850475,Other / manual review needed
15390,Three unsolved mysteries 1. Bermuda triangle 2. Difference between power of gandhi and gandhi in power. 3. Why hasnt gypsy bongs channel hit the 100k mark yet?,three unsolved mysteries 1 bermuda triangle 2 difference between power of gandhi and gandhi in power 3 why hasnt gypsy bongs channel hit the 100k mark yet,Positive,Neutral,0.41641594134139526,Other / manual review needed
15486,Test korte hbe api,test korte hbe api,Positive,Neutral,0.5376269889955297,Other / manual review needed
15519,Taka thakleo Vaccine kena jaina age nijer baba ma bhaibonke bachiye pore onner jonno tora to shotru bhabish poschima deshguloke tader dane beche ashich ekhono eto jonmo dile shoyong allah sobar vacccine dite parbena71 sale chilo 75m ekhon 200m er kachakachi,taka thakleo vaccine kena jaina age nijer baba ma bhaibonke bachiye pore onner jonno tora to shotru bhabish poschima deshguloke tader dane beche ashich ekhono eto jonmo dile shoyong allah sobar vacccine dite parbena71 sale chilo 75m ekhon 200m er kachakachi,Positive,Negative,0.33838267705760366,Other / manual review needed
15563,Subhro da. Ki shuru korecho. Etto ta ground level e kaaj korcho. Dada baro baro so called celebrity food blogger der dokan toh bandho hoe jabe jaak sirdara ta je bikri hoe ni. Eta i bess lage chaliye jao,subhro da ki shuru korecho etto ta ground level e kaaj korcho dada baro baro so called celebrity food blogger der dokan toh bandho hoe jabe jaak sirdara ta je bikri hoe ni eta i bess lage chaliye jao,Positive,Negative,0.31885539054231443,Other / manual review needed
15575,"Ssd er dam bollen 1580 taka, computer importer er website e dhuke dekhi 2150 taka. Eto druto notun shipment eshe porlo? impressive",ssd er dam bollen 1580 taka computer importer er website e dhuke dekhi 2150 taka eto druto notun shipment eshe porlo impressive,Positive,Negative,0.5478268582429084,Other / manual review needed
15588,Sotty khub priyo chancel ekdom deferent ta na hole ekhon banglai food blogger ektai contact biriyani r biriyani ek matro eni achen je deferent kichu try korchen ekdom dadar bhashai onoboddo uposthapona,sotty khub priyo chancel ekdom deferent ta na hole ekhon banglai food blogger ektai contact biriyani r biriyani ek matro eni achen je deferent kichu try korchen ekdom dadar bhashai onoboddo uposthapona,Positive,Mixed,0.4592417733976624,Negation
15609,Sotti biyer por baper barite giya ebhabe sob kicu dhekar moja e alada,sotti biyer por baper barite giya ebhabe sob kicu dhekar moja e alada,Positive,Negative,0.522815438932496,Other / manual review needed
15614,Soo happy j faridpur a asso,soo happy j faridpur a asso,Positive,Negative,0.3431875968733134,Other / manual review needed
15647,Sob print r electronic media te dui din agey theke ei news prochar korche 15th july er agey usa theke 25 lakh dose moderna vaccine covax er maddhome bangladesh e asbe,sob print r electronic media te dui din agey theke ei news prochar korche 15th july er agey usa theke 25 lakh dose moderna vaccine covax er maddhome bangladesh e asbe,Positive,Neutral,0.3985529193286306,Other / manual review needed
15666,Sir tshirt a apnr signature thaklee aroo wow hoito,sir tshirt a apnr signature thaklee aroo wow hoito,Positive,Neutral,0.5522259586108537,Other / manual review needed
15671,Sir pass korci doya koiran,sir pass korci doya koiran,Positive,Neutral,0.6766914625098529,Other / manual review needed
15746,Short hair e manay tmk,short hair e manay tmk,Positive,Negative,0.42604280110388615,Other / manual review needed
15755,Shob bank tanspar korar system takle balo hoy,shob bank tanspar korar system takle balo hoy,Positive,Negative,0.305717791031371,Other / manual review needed
15757,Shibly Noman tate ki ase jay  Emn kuno vaccine ase jeta nile akno corona hoy nai R uni toh onno kuno rogeu mara jaite pare,shibly noman tate ki ase jay emn kuno vaccine ase jeta nile akno corona hoy nai r uni toh onno kuno rogeu mara jaite pare,Positive,Negative,0.6962523950425967,Negation
15769,"Shamim hossain, a new t20 star",shamim hossain a new t20 star,Positive,Neutral,0.3711045536117454,Other / manual review needed
15780,Sesh mesh nohakhalil er shathe english,sesh mesh nohakhalil er shathe english,Positive,Neutral,0.4453298435597386,Other / manual review needed
15836,Sam vai tree plant er giveaway kobe eiben asa kori ans pabo love from rangpur,sam vai tree plant er giveaway kobe eiben asa kori ans pabo love from rangpur,Positive,Neutral,0.5273179851251345,Other / manual review needed
15845,Sam vai er vidio amer list er top a,sam vai er vidio amer list er top a,Positive,Neutral,0.46815299903523566,Other / manual review needed
15854,Sam vai akto dakha korta sai,sam vai akto dakha korta sai,Positive,Neutral,0.5246420929143326,Other / manual review needed
15897,Ryzen 5 5600g 10400 taka diya nisi,ryzen 5 5600g 10400 taka diya nisi,Positive,Neutral,0.6630772602044926,Other / manual review needed
15908,Robi app ta sohoj Mone hoy. Airtel o Robi app same thakle valo hoto.,robi app ta sohoj mone hoy airtel o robi app same thakle valo hoto,Positive,Mixed,0.5148785833395256,Romanized spelling variation
15922,Riad bhai bowl krete parebe,riad bhai bowl krete parebe,Positive,Neutral,0.4536741761367492,Other / manual review needed
15930,Reno 10 use kortaci 10 din holo. Vaya video tha to 1080p tha ultra steady mode asa. And aytay ois asa,reno 10 use kortaci 10 din holo vaya video tha to 1080p tha ultra steady mode asa and aytay ois asa,Positive,Neutral,0.4442604520515575,Other / manual review needed
15940,Realme narzo 50 pro akhn ki obosthai ache ekta review den vai,realme narzo 50 pro akhn ki obosthai ache ekta review den vai,Positive,Neutral,0.8523084398188793,Other / manual review needed
15964,R ektu boro hole saree ta kine dibo,r ektu boro hole saree ta kine dibo,Positive,Negative,0.37467128693269375,Other / manual review needed
15973,Purai matha nostoo case,purai matha nostoo case,Positive,Negative,0.6705803032525309,Other / manual review needed
16019,Pori apu valo hoya gese,pori apu valo hoya gese,Positive,Negative,0.431453744118409,Romanized spelling variation
16040,Phone ta toh jush,phone ta toh jush,Positive,Neutral,0.4609256232216343,Other / manual review needed
16068,Pf change korle r kisu lagena,pf change korle r kisu lagena,Positive,Neutral,0.43234553782186297,Other / manual review needed
16083,Pakistan er shoib malik ar bangladesh er riad ek e sutui gatha toba amra joibabe riad ka dola cai saibabe balo performance kora na jodi korto tahola 100 century score koy ta acha or onak lomba somoy dola khalacha abar notun ra asuk,pakistan er shoib malik ar bangladesh er riad ek e sutui gatha toba amra joibabe riad ka dola cai saibabe balo performance kora na jodi korto tahola 100 century score koy ta acha or onak lomba somoy dola khalacha abar notun ra asuk,Positive,Negative,0.3514757949376185,Negation
16111,Orrreehhh allah 16k edit only prebuilt e ase,orrreehhh allah 16k edit only prebuilt e ase,Positive,Neutral,0.3495686356698908,Other / manual review needed
16414,Old varson tai valo,old varson tai valo,Positive,Mixed,0.41204311786227277,Romanized spelling variation
16428,Ohhhhh..kobe je 2may biye korte parbo god a jane..,ohhhhh kobe je 2may biye korte parbo god a jane,Positive,Neutral,0.6781598129759017,Other / manual review needed
16435,Offline hole aro valo hoto..otherwise good,offline hole aro valo hoto otherwise good,Positive,Neutral,0.7010030874152802,Romanized spelling variation
16439,offer koi..gp e valo,offer koi gp e valo,Positive,Neutral,0.2879083608729395,Romanized spelling variation
16445,Oder ke age dorte Hobe,oder ke age dorte hobe,Positive,Neutral,0.3923893876323143,Other / manual review needed
16499,"nice,offline hola balo hoto.",nice offline hola balo hoto,Positive,Neutral,0.508197868936487,Other / manual review needed
16572,new id kholsa 100 tk koie.... new id khola 100 tk paie naie but 25 tk recharge kora 50 tk paiese.......are help lien a call diya report korse but taow 100 tk daie naie.... App ta uss kora moja passe .... app te onek valo,new id kholsa 100 tk koie new id khola 100 tk paie naie but 25 tk recharge kora 50 tk paiese are help lien a call diya report korse but taow 100 tk daie naie app ta uss kora moja passe app te onek valo,Positive,Mixed,0.7064775111617102,Mixed or contrastive sentiment
16669,Mone hoy ebar peyei jabo,mone hoy ebar peyei jabo,Positive,Negative,0.6617331649159814,Other / manual review needed
16750,Masaallah egiy jao bro!,masaallah egiy jao bro,Positive,Negative,0.38501397408112464,Other / manual review needed
16897,Lemfo watch er review chai oigula best android watch,lemfo watch er review chai oigula best android watch,Positive,Neutral,0.6970005070824793,Other / manual review needed
16915,Last kotha gula sey chilo,last kotha gula sey chilo,Positive,Mixed,0.3389902522852153,Other / manual review needed
16961,Koto din por appu tumar video upload holo,koto din por appu tumar video upload holo,Positive,Neutral,0.5040674068837486,Other / manual review needed
16974,Kora jukti jise dui jon eii,kora jukti jise dui jon eii,Positive,Neutral,0.39635669233102117,Other / manual review needed
16985,Kom damer vitore curve monitor niye ekti content make koren,kom damer vitore curve monitor niye ekti content make koren,Positive,Neutral,0.664424217313367,Other / manual review needed
17003,"Kine felsi techno camon 20 pro , zoss",kine felsi techno camon 20 pro zoss,Positive,Neutral,0.7457716871654538,Other / manual review needed
17013,Ki kore apnar subscriber eto kom amar mathay dhoke na,ki kore apnar subscriber eto kom amar mathay dhoke na,Positive,Negative,0.5456089099994559,Negation
17018,Ki je. Moja niye khaitam ai ros. Aha. But akhon to khujei paina. Aha sei coto belar dingulo kotoi nai moja cilo,ki je moja niye khaitam ai ros aha but akhon to khujei paina aha sei coto belar dingulo kotoi nai moja cilo,Positive,Mixed,0.5817379648202836,Negation
17031,"khubi valo, jaigai sohojei sheba paoa jai, tobay cash out er costing komano uchit",khubi valo jaigai sohojei sheba paoa jai tobay cash out er costing komano uchit,Positive,Neutral,0.2907391998500777,Romanized spelling variation
17040,Khub vlo lage app use korte..tobe maje maje je offer gulo paii segulo ar pore ahiw hoi na..na..12 tk te 1gp ee pore abr ki vabe nibo,khub vlo lage app use korte tobe maje maje je offer gulo paii segulo ar pore ahiw hoi na na 12 tk te 1gp ee pore abr ki vabe nibo,Positive,Mixed,0.8103755489685991,Negation
17156,Khub e valo laglo. Quality r quantity hisabe daam akdom thik ache. Ja market price akhon noyto maintain korte parben na onara. Khub njoy korlam apnar content gulo sabsamay unique aktuo akgheye lagena kakhono,khub e valo laglo quality r quantity hisabe daam akdom thik ache ja market price akhon noyto maintain korte parben na onara khub njoy korlam apnar content gulo sabsamay unique aktuo akgheye lagena kakhono,Positive,Mixed,0.5117353083353533,Negation
17166,Khub bhalo laglo. Kintu dam ta ektu beshi,khub bhalo laglo kintu dam ta ektu beshi,Positive,Mixed,0.951310715498231,Mixed or contrastive sentiment
17208,Keu update korben nh tahole greenline bus er malik hoye jaben,keu update korben nh tahole greenline bus er malik hoye jaben,Positive,Negative,0.5338315933569314,Other / manual review needed
17250,Joy to prform kortase oreo chance deya hok,joy to prform kortase oreo chance deya hok,Positive,Negative,0.38353542546495245,Other / manual review needed
17278,Jive jol ase galo,jive jol ase galo,Positive,Negative,0.29377428221742335,Other / manual review needed
17284,Ji sar ase dorkar,ji sar ase dorkar,Positive,Neutral,0.5009222124807264,Other / manual review needed
17288,Jemon price temon quality,jemon price temon quality,Positive,Negative,0.5304692384505434,Other / manual review needed
17293,Jatio phone emni emni hoy na. Tomader video er jonnoi hoy. Cos tomader mukher kotha amra onek trust kori,jatio phone emni emni hoy na tomader video er jonnoi hoy cos tomader mukher kotha amra onek trust kori,Positive,Negative,0.577118218889843,Negation
17302,Japane bad vaccine dewa te tika off chilo,japane bad vaccine dewa te tika off chilo,Positive,Neutral,0.30832540650760726,Other / manual review needed
17325,Jaak ajke valoy lagtasee,jaak ajke valoy lagtasee,Positive,Negative,0.3172909492223008,Other / manual review needed
17336,Iqoo 3 use korchi 3 bochor dhore iqoo 1st phone kono issu nai sob performance ekhono top notch,iqoo 3 use korchi 3 bochor dhore iqoo 1st phone kono issu nai sob performance ekhono top notch,Positive,Neutral,0.271366468261469,Negation
17357,Insaa allah 100 ta 85 pabo vaiya,insaa allah 100 ta 85 pabo vaiya,Positive,Neutral,0.6630060372539011,Other / manual review needed
17361,"Infinix egiye jacche guti guti paye. Age hot 10s use kortam r ekhn hot 308128 ta use korchi,",infinix egiye jacche guti guti paye age hot 10s use kortam r ekhn hot 308128 ta use korchi,Positive,Mixed,0.36712961400559274,Other / manual review needed
17397,I didnt have a boro bhai kotto relate korte parchi. Kotota inspiring rj kibrea bhai bolar moto na. Sorry show ta etobeshi enjoy korchi dekhei barbar time stamp dhore comment kora,i didnt have a boro bhai kotto relate korte parchi kotota inspiring rj kibrea bhai bolar moto na sorry show ta etobeshi enjoy korchi dekhei barbar time stamp dhore comment kora,Positive,Negative,0.3822523482832287,Negation
17398,I appreciate waltons attempt to explore a different genre.,i appreciate waltons attempt to explore a different genre,Positive,Negative,0.33392271037239624,Other / manual review needed
17404,hum onk onk valo laglo golpo ta but onk kosto o fill.. korlam,hum onk onk valo laglo golpo ta but onk kosto o fill korlam,Positive,Mixed,0.5519006707124753,Mixed or contrastive sentiment
17420,Huawei 23. 8 eta review kora dorkar,huawei 23 8 eta review kora dorkar,Positive,Neutral,0.7270696363979953,Other / manual review needed
17432,"Howrah platform er opposite a dutta cabin ache, 102 yrs old, most underrated hidden gem, 430 r por fried item thake, sei level er, tar aga vat thake, sondhe er chicken moghlai ta recommend roilo, keu blog koreni ata nia",howrah platform er opposite a dutta cabin ache 102 yrs old most underrated hidden gem 430 r por fried item thake sei level er tar aga vat thake sondhe er chicken moghlai ta recommend roilo keu blog koreni ata nia,Positive,Neutral,0.3275947955921164,Other / manual review needed
17446,hmmmm....natural beauty te jey shundor lage......make up a toto ta na......,hmmmm natural beauty te jey shundor lage make up a toto ta na,Positive,Mixed,0.339796738981648,Negation
17450,Hmmm apner kotha 100 right mahamullah riad k nik ba na nik,hmmm apner kotha 100 right mahamullah riad k nik ba na nik,Positive,Negative,0.6934286562354898,Negation
17471,Hijab o porse abar gayer mahram er shathe tour o korche!,hijab o porse abar gayer mahram er shathe tour o korche,Positive,Negative,0.3572520860369698,Other / manual review needed
17504,Hello kacher manus joooon,hello kacher manus joooon,Positive,Negative,0.4386681386102486,Other / manual review needed
17506,Hejab ta aktou nechea porban plese,hejab ta aktou nechea porban plese,Positive,Mixed,0.5728442083749156,Other / manual review needed
17512,Haylo rs4 plus. Best. Jodi calling system ta takto tahole aro josh hoito,haylo rs4 plus best jodi calling system ta takto tahole aro josh hoito,Positive,Neutral,0.38236748896972805,Other / manual review needed
17514,Harry brook k obosshoi nite hobe,harry brook k obosshoi nite hobe,Positive,Neutral,0.7050291151826479,Other / manual review needed
17523,Haaa Jinis ta Vlooo,haaa jinis ta vlooo,Positive,Negative,0.35121478020876173,Other / manual review needed
17540,Gramer barite thakar mojai alada,gramer barite thakar mojai alada,Positive,Neutral,0.47102109073626525,Other / manual review needed
17555,good news...bangladesheo emn ain hole valo hoito,good news bangladesheo emn ain hole valo hoito,Positive,Mixed,0.3269234837676203,Romanized spelling variation
17576,Globe biotech e funding den. Deshei tika toiri kora jeto hoyto,globe biotech e funding den deshei tika toiri kora jeto hoyto,Positive,Neutral,0.41473297504288026,Other / manual review needed
17577,Glass back thakle valo hoto,glass back thakle valo hoto,Positive,Neutral,0.7985668541528932,Romanized spelling variation
17591,Geography 1st and 2nd paper er upor suggestions cacchi vaiya,geography 1st and 2nd paper er upor suggestions cacchi vaiya,Positive,Neutral,0.44742361104214534,Other / manual review needed
17673,Falto app.tar teke nogod onek valo.cash out charge o kom.send money free.account kulao easy.,falto app tar teke nogod onek valo cash out charge o kom send money free account kulao easy,Positive,Mixed,0.47067789290359585,Romanized spelling variation
17696,Fahim bhai akta iphone gift dan gorib manus dua korbo,fahim bhai akta iphone gift dan gorib manus dua korbo,Positive,Neutral,0.4188857721631588,Other / manual review needed
17706,Exam a to penalty nai naile boss messir moto golden a niye astam,exam a to penalty nai naile boss messir moto golden a niye astam,Positive,Negative,0.5205425997742187,Negation
17709,Ettow sundooor kenooo tumiiimore gelaaam toh,ettow sundooor kenooo tumiiimore gelaaam toh,Positive,Negative,0.6626869823833547,Other / manual review needed
17730,Eto choto video te mon bhore na dada,eto choto video te mon bhore na dada,Positive,Negative,0.5521822476863004,Negation
17742,Eta kon gym centre adress ta ektu kindly janaben pnk bhalo mone hocche,eta kon gym centre adress ta ektu kindly janaben pnk bhalo mone hocche,Positive,Mixed,0.34016722568653424,Romanized spelling variation
17782,Ekhon dekha suru kora jak,ekhon dekha suru kora jak,Positive,Neutral,0.458041538815842,Other / manual review needed
17800,Eisob deikha rate kheladhula hoise mone hoy onek kothabarta onek romantic lagtese,eisob deikha rate kheladhula hoise mone hoy onek kothabarta onek romantic lagtese,Positive,Mixed,0.3749553272804011,Other / manual review needed
17805,Ei video tar jonne boshe chilam,ei video tar jonne boshe chilam,Positive,Neutral,0.4000386055351337,Other / manual review needed
17844,"Ei app ta valoi. Tobe aro valo hoto jodi login system ta ager moto password 
diye ba OTP system koren. As like my robi & my airtel.",ei app ta valoi tobe aro valo hoto jodi login system ta ager moto password diye ba otp system koren as like my robi my airtel,Positive,Mixed,0.49174021193029277,Mixed or contrastive sentiment
17846,Ei app ta onel bhalo.Onek useful.amar none hoy shob GP customer der ei app ta thaka uchit,ei app ta onel bhalo onek useful amar none hoy shob gp customer der ei app ta thaka uchit,Positive,Mixed,0.3935661500332939,Romanized spelling variation
17867,Durdanto dada ami bari aikhanai,durdanto dada ami bari aikhanai,Positive,Neutral,0.6015606208822724,Other / manual review needed
17887,Done bro waltomobile,done bro waltomobile,Positive,Neutral,0.5435724943667998,Very short text
17970,Desar bayre theke te juta order kore nen bhalo maner paben,desar bayre theke te juta order kore nen bhalo maner paben,Positive,Mixed,0.3488553876665087,Romanized spelling variation
18044,"Dada i am your big fan,dada honey da dhaba kankurgachi te jao okane onek kom dam a biriyani r kabab pao jache ,pls jao kintu",dada i am your big fan dada honey da dhaba kankurgachi te jao okane onek kom dam a biriyani r kabab pao jache pls jao kintu,Positive,Mixed,0.3939988606536265,Mixed or contrastive sentiment
18142,Cha er dame sorbot,cha er dame sorbot,Positive,Negative,0.36551432499442116,Other / manual review needed
18160,"Bro, case ta xoss lagse",bro case ta xoss lagse,Positive,Neutral,0.38041897527887447,Other / manual review needed
18168,"Bowbazar e bank of india er opposite e kc das er pashe ektu hatle duto st food stall ache. Khye dkhte paren. Dam kom onek tai, quality darun",bowbazar e bank of india er opposite e kc das er pashe ektu hatle duto st food stall ache khye dkhte paren dam kom onek tai quality darun,Positive,Mixed,0.4353619505381826,Other / manual review needed
18183,Bohut din por intel build dheklam,bohut din por intel build dheklam,Positive,Neutral,0.5183571770885868,Other / manual review needed
18288,bhai vaccine manei 100% safe nakono protisedhok 100% kaj kore na,bhai vaccine manei 100 safe nakono protisedhok 100 kaj kore na,Positive,Negative,0.40190059226845193,Negation
18309,Bhai i9 ultra max review korun plzzz bhai plz,bhai i9 ultra max review korun plzzz bhai plz,Positive,Neutral,0.8675632879251356,Other / manual review needed
18331,Bhai apander video shurur age betting er add ashe koyekdin age ak youtuber betting prochar korar jnno jail a gelo? illegal na?just asking,bhai apander video shurur age betting er add ashe koyekdin age ak youtuber betting prochar korar jnno jail a gelo illegal na just asking,Positive,Negative,0.409698154600099,Negation
18382,Bd te officially asa ucit 25k dia lonce hoice sera hobe,bd te officially asa ucit 25k dia lonce hoice sera hobe,Positive,Neutral,0.39614422370257296,Other / manual review needed
18461,Baaal baaal baaaaaaaaaaaal banayse. Eya kiso hoilo? eya bassara banaya khele. Eyar sathe nasar ai robot gula 1000000 gun advance,baaal baaal baaaaaaaaaaaal banayse eya kiso hoilo eya bassara banaya khele eyar sathe nasar ai robot gula 1000000 gun advance,Positive,Negative,0.606277214348464,Other / manual review needed
18463,Azharul Islam Neon joto registration toto vaccine to asei,azharul islam neon joto registration toto vaccine to asei,Positive,Negative,0.37246409834812183,Other / manual review needed
18464,Azan ditase live ta off kore dio,azan ditase live ta off kore dio,Positive,Negative,0.4189379578945788,Other / manual review needed
18476,Awww tumar moto akta jamai payle amr ey jibon donnoh hoye jabe,awww tumar moto akta jamai payle amr ey jibon donnoh hoye jabe,Positive,Negative,0.40694232488919363,Other / manual review needed
18515,Atc chakri khaiya nilo,atc chakri khaiya nilo,Positive,Neutral,0.34465922914598196,Other / manual review needed
18526,ata kotai vai sundar place,ata kotai vai sundar place,Positive,Neutral,0.4880272882636754,Other / manual review needed
18537,astrazenecar vaccine disi,astrazenecar vaccine disi,Positive,Neutral,0.4747078959601641,Very short text
18556,"Assalamualaikum, sam vaiya. Carry on.",assalamualaikum sam vaiya carry on,Positive,Neutral,0.6011225252348962,Other / manual review needed
18591,Asole emon tai howa ucit,asole emon tai howa ucit,Positive,Negative,0.4242944007757659,Other / manual review needed
18600,Ashol chehray ekta review koren,ashol chehray ekta review koren,Positive,Neutral,0.8428116883219512,Other / manual review needed
18601,Ashik vai ar vedio manai notun kichu,ashik vai ar vedio manai notun kichu,Positive,Neutral,0.4333110597364297,Other / manual review needed
18606,Asan akdin barata ratul vai ar sata,asan akdin barata ratul vai ar sata,Positive,Neutral,0.45890989416007627,Other / manual review needed
18629,Arkom video aro chai,arkom video aro chai,Positive,Neutral,0.4947394848400473,Other / manual review needed
18637,Areh bhaya celebrity,areh bhaya celebrity,Positive,Negative,0.3576257157739509,Very short text
18654,Apur voice change hoyeche kintu voice ta khub shondor hoye gese shunte bhalo lagtese,apur voice change hoyeche kintu voice ta khub shondor hoye gese shunte bhalo lagtese,Positive,Mixed,0.491972786645784,Mixed or contrastive sentiment
18763,Apu kichu mone korben na .porda gulo kotha theke kina naki kapor kine baniachen looks good,apu kichu mone korben na porda gulo kotha theke kina naki kapor kine baniachen looks good,Positive,Negative,0.6233982881988382,Negation
18764,Apu kichu family restaurants suggest koiren plz,apu kichu family restaurants suggest koiren plz,Positive,Neutral,0.6979540013519017,Other / manual review needed
18837,Apu ami apner shathe dekhakorsilam,apu ami apner shathe dekhakorsilam,Positive,Neutral,0.4480402440296797,Other / manual review needed
18859,APPS TA VALO AMAR BESI DORKAR PORE NA.TOBU DOWNLOAD DILAM..AMI ALWAYS 30GB KORE KINI.,apps ta valo amar besi dorkar pore na tobu download dilam ami always 30gb kore kini,Positive,Negative,0.4892335231258317,Negation
18896,"Apo apnr kache dud kola bhat deke kaite icche krche,amr soto ja bole kaite sehri te. Or naki vlo lage",apo apnr kache dud kola bhat deke kaite icche krche amr soto ja bole kaite sehri te or naki vlo lage,Positive,Negative,0.5214171006003326,Other / manual review needed
18902,Apnr review dekhei ph kini,apnr review dekhei ph kini,Positive,Neutral,0.33365561263886034,Other / manual review needed
18941,apnara news er lokgula ki covid er vaccine nia felsen apnader beche thakar rohossho ki,apnara news er lokgula ki covid er vaccine nia felsen apnader beche thakar rohossho ki,Positive,Neutral,0.4106706623138376,Other / manual review needed
18964,Apnar video gramer chacato vai ar deshi vloger ra bhujbe na,apnar video gramer chacato vai ar deshi vloger ra bhujbe na,Positive,Negative,0.3906353853505076,Negation
18969,Apnar video dekha miss hoy na kono vabei,apnar video dekha miss hoy na kono vabei,Positive,Negative,0.5187361176045192,Negation
19045,Api apnara jekhane gachen oidin a amra sokol friends ra gachilam. Apnader sathe meet o hoiche,api apnara jekhane gachen oidin a amra sokol friends ra gachilam apnader sathe meet o hoiche,Positive,Negative,0.43794416916821644,Other / manual review needed
19068,Anker er product e only bass i thake asole. Musical product e. But overall valo banay tara,anker er product e only bass i thake asole musical product e but overall valo banay tara,Positive,Mixed,0.5989625470712473,Mixed or contrastive sentiment
19086,Anek din por kono bugget phoner er prosongsa korlo amader . Bd te kobe asbe sei apekkhay thaklam,anek din por kono bugget phoner er prosongsa korlo amader bd te kobe asbe sei apekkhay thaklam,Positive,Neutral,0.5280836924189831,Other / manual review needed
19107,Amr redmi ei monitor tai,amr redmi ei monitor tai,Positive,Neutral,0.4595000699595847,Other / manual review needed
19158,Ami tmr biggest fan. Amio mirpur a thaki but aj projonto tomar sathe dekha holo na. Ai dhukkho kothay rakhi ai place ta kothay mirpur er? koto number mirpur,ami tmr biggest fan amio mirpur a thaki but aj projonto tomar sathe dekha holo na ai dhukkho kothay rakhi ai place ta kothay mirpur er koto number mirpur,Positive,Neutral,0.43134636203604393,Negation
19175,Ami polao er fan noi khub ekta. Tobe eta thik thak laglo. Tobe as usual biryani star eai content er. Chakdah jete e hobe taratari. Er opore apnar presentation dekhle emni e jibe. Thak ar bollam na,ami polao er fan noi khub ekta tobe eta thik thak laglo tobe as usual biryani star eai content er chakdah jete e hobe taratari er opore apnar presentation dekhle emni e jibe thak ar bollam na,Positive,Mixed,0.47846122315328504,Negation
19193,Ami nia nilam global variant 8256 sei performance! greenline porar possibility ki ache!,ami nia nilam global variant 8256 sei performance greenline porar possibility ki ache,Positive,Neutral,0.42507531694371503,Other / manual review needed
19204,Ami kinbo ai phone,ami kinbo ai phone,Positive,Neutral,0.588826456699913,Other / manual review needed
19205,"Ami kichu din agei ai gpu ta kinlam, monomugdhokor performance",ami kichu din agei ai gpu ta kinlam monomugdhokor performance,Positive,Neutral,0.640023887716619,Other / manual review needed
19251,Ami apnar last 2years ager onujib er video dekhe aslam. Ber hoye refresh diye deki onujib ei notun video. Coincidence naki baggo jani but klk exam er jnno onk akje lagbe thank fahad sir,ami apnar last 2years ager onujib er video dekhe aslam ber hoye refresh diye deki onujib ei notun video coincidence naki baggo jani but klk exam er jnno onk akje lagbe thank fahad sir,Positive,Mixed,0.463478817269826,Mixed or contrastive sentiment
19262,Ami ajka ai same lavel er video onek kujsi. Allah ki milai dilo re,ami ajka ai same lavel er video onek kujsi allah ki milai dilo re,Positive,Neutral,0.3384981031824567,Other / manual review needed
19295,amar pochondher to Fariha Muinat ogo fariha jaio nah amy chariya,amar pochondher to fariha muinat ogo fariha jaio nah amy chariya,Positive,Negative,0.5771093303614113,Other / manual review needed
19321,Amar kase kn zaman vai re sayek siraj er moto lage dekhte,amar kase kn zaman vai re sayek siraj er moto lage dekhte,Positive,Negative,0.4818912577205494,Other / manual review needed
19336,amar ideal role model tumi mash allah,amar ideal role model tumi mash allah,Positive,Neutral,0.53321127182629,Other / manual review needed
19368,amader uchit tader pashe daranor.....,amader uchit tader pashe daranor,Positive,Neutral,0.3333801896269731,Other / manual review needed
19400,Alu vaja ta sera chilo,alu vaja ta sera chilo,Positive,Mixed,0.4461114179104589,Other / manual review needed
19414,Allah ke voy korun,allah ke voy korun,Positive,Neutral,0.4672532772661813,Other / manual review needed
19422,"Alhumdulillah, dinajpur bord a common asce",alhumdulillah dinajpur bord a common asce,Positive,Negative,0.4790465268286521,Other / manual review needed
19565,Akhon ata valoe kaj kore.,akhon ata valoe kaj kore,Positive,Negative,0.4805715848048983,Other / manual review needed
19578,Ajkyr smart watch amar lagbo,ajkyr smart watch amar lagbo,Positive,Neutral,0.5959334871493621,Other / manual review needed
19593,Ajka shob common porsa,ajka shob common porsa,Positive,Negative,0.6270272524260855,Other / manual review needed
19606,Aitar e dorkar silo akhon amr,aitar e dorkar silo akhon amr,Positive,Negative,0.3974091566883185,Other / manual review needed
19613,Aita dea gaming vhalo cholbe,aita dea gaming vhalo cholbe,Positive,Neutral,0.6764239998688837,Romanized spelling variation
19622,Airtel grahok er chahida buje. Amra aro valo offer er asai royechi. Aponara aro valo kisu offer niye asen. Amara sokole aponader sathe achi.,airtel grahok er chahida buje amra aro valo offer er asai royechi aponara aro valo kisu offer niye asen amara sokole aponader sathe achi,Positive,Neutral,0.5721366330843756,Romanized spelling variation
19638,Ai respect fahad sir deserve kore,ai respect fahad sir deserve kore,Positive,Neutral,0.3527579180228024,Other / manual review needed
19655,Ai channel ta j grow hochche na bujhe uthte parina. Lokeder nakamo grow hoia jai. Ato valo uposthapona grow hochche na,ai channel ta j grow hochche na bujhe uthte parina lokeder nakamo grow hoia jai ato valo uposthapona grow hochche na,Positive,Negative,0.580733150133487,Negation
19690,Advance greenline er shuveccha,advance greenline er shuveccha,Positive,Neutral,0.3888085171324936,Other / manual review needed
19694,Ader ato taka diye gorib ke help kore,ader ato taka diye gorib ke help kore,Positive,Negative,0.7179770583226106,Other / manual review needed
19696,Acca. Club er location ta den to. Ami jbo pochondo hoise,acca club er location ta den to ami jbo pochondo hoise,Positive,Neutral,0.5933830732462788,Other / manual review needed
19728,4g te valo speed pacci 6-7 mbps I'm happy,4g te valo speed pacci 6 7 mbps i'm happy,Positive,Negative,0.3321882579427998,Romanized spelling variation
19788,16k akon 4 5 mas aghe silo 13k,16k akon 4 5 mas aghe silo 13k,Positive,Neutral,0.4649235956010892,Other / manual review needed
19792,1408 mobile phoner utoom bebohar aj shiklam,1408 mobile phoner utoom bebohar aj shiklam,Positive,Neutral,0.39040281545480443,Other / manual review needed
19810,10 hazar er symphony camera er camerar ceye valoo,10 hazar er symphony camera er camerar ceye valoo,Positive,Neutral,0.40551672601291006,Other / manual review needed
